dataset,model,case,labels_dir,class_mode,single_cls,split_mode,effective_batch,effective_imgsz,train_val_during_train,eval_weight_pick,eval_weight_path,metrics/mAP50(B),metrics/mAP50-95(B),metrics/precision(B),metrics/recall(B),clean_eval_yaml
kitti,yolov8n,scale_0.6,labels_scale_0.6,multiclass,False,explicit,32,640,False,last.pt,/home/ISW/project/object_detect_refine_proposed(100)/kitti/yolov8n__scale_0.6__multiclass__DIRECT/weights/last.pt,0.6388655263773314,0.3745440312207757,0.6922575602193017,0.5884169399866541,/home/ISW/project/object_detect_refine_proposed(100)/_yamls/kitti/data_eval_clean.yaml
kitti,yolo11n,scale_0.6,labels_scale_0.6,multiclass,False,explicit,32,640,False,last.pt,/home/ISW/project/object_detect_refine_proposed(100)/kitti/yolo11n__scale_0.6__multiclass__DIRECT/weights/last.pt,0.6107623882645974,0.3663620793280205,0.7163400411900385,0.5329283169735012,/home/ISW/project/object_detect_refine_proposed(100)/_yamls/kitti/data_eval_clean.yaml
kitti,yolov8n,scale_0.8,labels_scale_0.8,multiclass,False,explicit,32,640,False,last.pt,/home/ISW/project/object_detect_refine_proposed(100)/kitti/yolov8n__scale_0.8__multiclass__DIRECT/weights/last.pt,0.6215848033878411,0.3181363326177196,0.6629181983508743,0.5816738604594092,/home/ISW/project/object_detect_refine_proposed(100)/_yamls/kitti/data_eval_clean.yaml
kitti,yolo11n,scale_0.8,labels_scale_0.8,multiclass,False,explicit,32,640,False,last.pt,/home/ISW/project/object_detect_refine_proposed(100)/kitti/yolo11n__scale_0.8__multiclass__DIRECT/weights/last.pt,0.6181197324156678,0.31980979283259187,0.6700383128054475,0.5594101699853049,/home/ISW/project/object_detect_refine_proposed(100)/_yamls/kitti/data_eval_clean.yaml
kitti,yolov8n,scale_1.2,labels_scale_1.2,multiclass,False,explicit,32,640,False,last.pt,/home/ISW/project/object_detect_refine_proposed(100)/kitti/yolov8n__scale_1.2__multiclass__DIRECT/weights/last.pt,0.6212536672079291,0.3422939153482648,0.7329929030247901,0.5401688632302832,/home/ISW/project/object_detect_refine_proposed(100)/_yamls/kitti/data_eval_clean.yaml
kitti,yolo11n,scale_1.2,labels_scale_1.2,multiclass,False,explicit,32,640,False,last.pt,/home/ISW/project/object_detect_refine_proposed(100)/kitti/yolo11n__scale_1.2__multiclass__DIRECT/weights/last.pt,0.5979955434495329,0.3277178708484322,0.6890732287070352,0.5402475523790428,/home/ISW/project/object_detect_refine_proposed(100)/_yamls/kitti/data_eval_clean.yaml
kitti,yolov8n,scale_1.4,labels_scale_1.4,multiclass,False,explicit,32,640,False,last.pt,/home/ISW/project/object_detect_refine_proposed(100)/kitti/yolov8n__scale_1.4__multiclass__DIRECT/weights/last.pt,0.5738676817411166,0.30098770417036613,0.662233994731489,0.5286476903615271,/home/ISW/project/object_detect_refine_proposed(100)/_yamls/kitti/data_eval_clean.yaml
kitti,yolo11n,scale_1.4,labels_scale_1.4,multiclass,False,explicit,32,640,False,last.pt,/home/ISW/project/object_detect_refine_proposed(100)/kitti/yolo11n__scale_1.4__multiclass__DIRECT/weights/last.pt,0.6178354537371491,0.3374008679604378,0.7108290112273212,0.5494975524689435,/home/ISW/project/object_detect_refine_proposed(100)/_yamls/kitti/data_eval_clean.yaml
kitti,yolov8n,side_1,labels_side_1,multiclass,False,explicit,32,640,False,last.pt,/home/ISW/project/object_detect_refine_proposed(100)/kitti/yolov8n__side_1__multiclass__DIRECT/weights/last.pt,0.6292666054779921,0.34891322883525566,0.6914136384476506,0.5753827682389453,/home/ISW/project/object_detect_refine_proposed(100)/_yamls/kitti/data_eval_clean.yaml
kitti,yolo11n,side_1,labels_side_1,multiclass,False,explicit,32,640,False,last.pt,/home/ISW/project/object_detect_refine_proposed(100)/kitti/yolo11n__side_1__multiclass__DIRECT/weights/last.pt,0.6064044312469872,0.34567332226084724,0.6583648396434075,0.5602866396647367,/home/ISW/project/object_detect_refine_proposed(100)/_yamls/kitti/data_eval_clean.yaml
kitti,yolov8n,side_5,labels_side_5,multiclass,False,explicit,32,640,False,last.pt,/home/ISW/project/object_detect_refine_proposed(100)/kitti/yolov8n__side_5__multiclass__DIRECT/weights/last.pt,0.6226837401737033,0.379571909034447,0.701293843216183,0.5526875249116987,/home/ISW/project/object_detect_refine_proposed(100)/_yamls/kitti/data_eval_clean.yaml
kitti,yolo11n,side_5,labels_side_5,multiclass,False,explicit,32,640,False,last.pt,/home/ISW/project/object_detect_refine_proposed(100)/kitti/yolo11n__side_5__multiclass__DIRECT/weights/last.pt,0.5910170044188635,0.3608935209298977,0.6967167583156681,0.5375404771155323,/home/ISW/project/object_detect_refine_proposed(100)/_yamls/kitti/data_eval_clean.yaml
kitti,yolov8n,side_9,labels_side_9,multiclass,False,explicit,32,640,False,last.pt,/home/ISW/project/object_detect_refine_proposed(100)/kitti/yolov8n__side_9__multiclass__DIRECT/weights/last.pt,0.6378652406942087,0.38943495846057674,0.7222009159593984,0.5711170509770134,/home/ISW/project/object_detect_refine_proposed(100)/_yamls/kitti/data_eval_clean.yaml
kitti,yolo11n,side_9,labels_side_9,multiclass,False,explicit,32,640,False,last.pt,/home/ISW/project/object_detect_refine_proposed(100)/kitti/yolo11n__side_9__multiclass__DIRECT/weights/last.pt,0.5854971274531139,0.3637471931897026,0.656831830624093,0.5271787154950522,/home/ISW/project/object_detect_refine_proposed(100)/_yamls/kitti/data_eval_clean.yaml
homeobjects-3K,yolov8n,scale_0.6,labels_scale_0.6,multiclass,False,explicit,32,640,False,last.pt,/home/ISW/project/object_detect_refine_proposed(100)/homeobjects-3K/yolov8n__scale_0.6__multiclass__DIRECT/weights/last.pt,0.14772393024746147,0.04334373172025378,0.23789342394960045,0.21318473595725992,/home/ISW/project/object_detect_refine_proposed(100)/_yamls/homeobjects-3K/data_eval_clean.yaml
homeobjects-3K,yolo11n,scale_0.6,labels_scale_0.6,multiclass,False,explicit,32,640,False,last.pt,/home/ISW/project/object_detect_refine_proposed(100)/homeobjects-3K/yolo11n__scale_0.6__multiclass__DIRECT/weights/last.pt,0.13814035864760058,0.03910164440579168,0.23498016527782517,0.2316528048870171,/home/ISW/project/object_detect_refine_proposed(100)/_yamls/homeobjects-3K/data_eval_clean.yaml
homeobjects-3K,yolov8n,scale_0.8,labels_scale_0.8,multiclass,False,explicit,32,640,False,last.pt,/home/ISW/project/object_detect_refine_proposed(100)/homeobjects-3K/yolov8n__scale_0.8__multiclass__DIRECT/weights/last.pt,0.12092887685099657,0.02999139918744236,0.22435167596232633,0.20583495635132087,/home/ISW/project/object_detect_refine_proposed(100)/_yamls/homeobjects-3K/data_eval_clean.yaml
homeobjects-3K,yolo11n,scale_0.8,labels_scale_0.8,multiclass,False,explicit,32,640,False,last.pt,/home/ISW/project/object_detect_refine_proposed(100)/homeobjects-3K/yolo11n__scale_0.8__multiclass__DIRECT/weights/last.pt,0.1221681694124785,0.03164807891734466,0.23010553128148659,0.18546247742257663,/home/ISW/project/object_detect_refine_proposed(100)/_yamls/homeobjects-3K/data_eval_clean.yaml
homeobjects-3K,yolov8n,scale_1.2,labels_scale_1.2,multiclass,False,explicit,32,640,False,last.pt,/home/ISW/project/object_detect_refine_proposed(100)/homeobjects-3K/yolov8n__scale_1.2__multiclass__DIRECT/weights/last.pt,0.5855223608151144,0.34256542033456105,0.6520393817946045,0.5186516387642865,/home/ISW/project/object_detect_refine_proposed(100)/_yamls/homeobjects-3K/data_eval_clean.yaml
homeobjects-3K,yolo11n,scale_1.2,labels_scale_1.2,multiclass,False,explicit,32,640,False,last.pt,/home/ISW/project/object_detect_refine_proposed(100)/homeobjects-3K/yolo11n__scale_1.2__multiclass__DIRECT/weights/last.pt,0.08841132894768738,0.020782918271286407,0.1714218536879265,0.15973145880557907,/home/ISW/project/object_detect_refine_proposed(100)/_yamls/homeobjects-3K/data_eval_clean.yaml
homeobjects-3K,yolov8n,scale_1.4,labels_scale_1.4,multiclass,False,explicit,32,640,False,last.pt,/home/ISW/project/object_detect_refine_proposed(100)/homeobjects-3K/yolov8n__scale_1.4__multiclass__DIRECT/weights/last.pt,0.078823064657081,0.017623176714047242,0.1390520188502641,0.19993846374189686,/home/ISW/project/object_detect_refine_proposed(100)/_yamls/homeobjects-3K/data_eval_clean.yaml
homeobjects-3K,yolo11n,scale_1.4,labels_scale_1.4,multiclass,False,explicit,32,640,False,last.pt,/home/ISW/project/object_detect_refine_proposed(100)/homeobjects-3K/yolo11n__scale_1.4__multiclass__DIRECT/weights/last.pt,0.07468913135119143,0.017003823564807275,0.15065687239136444,0.14794909815740018,/home/ISW/project/object_detect_refine_proposed(100)/_yamls/homeobjects-3K/data_eval_clean.yaml
homeobjects-3K,yolov8n,side_1,labels_side_1,multiclass,False,explicit,32,640,False,last.pt,/home/ISW/project/object_detect_refine_proposed(100)/homeobjects-3K/yolov8n__side_1__multiclass__DIRECT/weights/last.pt,0.6101299185830465,0.3917797966501166,0.6404419073262183,0.5954152688300465,/home/ISW/project/object_detect_refine_proposed(100)/_yamls/homeobjects-3K/data_eval_clean.yaml
homeobjects-3K,yolo11n,side_1,labels_side_1,multiclass,False,explicit,32,640,False,last.pt,/home/ISW/project/object_detect_refine_proposed(100)/homeobjects-3K/yolo11n__side_1__multiclass__DIRECT/weights/last.pt,0.1470194804334275,0.0479346340900012,0.25452299091236924,0.2268553287660483,/home/ISW/project/object_detect_refine_proposed(100)/_yamls/homeobjects-3K/data_eval_clean.yaml
homeobjects-3K,yolov8n,side_5,labels_side_5,multiclass,False,explicit,32,640,False,last.pt,/home/ISW/project/object_detect_refine_proposed(100)/homeobjects-3K/yolov8n__side_5__multiclass__DIRECT/weights/last.pt,0.09430625831724147,0.02344407629854363,0.18494288567017678,0.1908453621395991,/home/ISW/project/object_detect_refine_proposed(100)/_yamls/homeobjects-3K/data_eval_clean.yaml
homeobjects-3K,yolo11n,side_5,labels_side_5,multiclass,False,explicit,32,640,False,last.pt,/home/ISW/project/object_detect_refine_proposed(100)/homeobjects-3K/yolo11n__side_5__multiclass__DIRECT/weights/last.pt,0.12609827872336682,0.03295048056705561,0.23054651879740037,0.19602002409049069,/home/ISW/project/object_detect_refine_proposed(100)/_yamls/homeobjects-3K/data_eval_clean.yaml
homeobjects-3K,yolov8n,side_9,labels_side_9,multiclass,False,explicit,32,640,False,last.pt,/home/ISW/project/object_detect_refine_proposed(100)/homeobjects-3K/yolov8n__side_9__multiclass__DIRECT/weights/last.pt,0.1091383905763858,0.026782400600595405,0.22355890068090978,0.1920695243816272,/home/ISW/project/object_detect_refine_proposed(100)/_yamls/homeobjects-3K/data_eval_clean.yaml
homeobjects-3K,yolo11n,side_9,labels_side_9,multiclass,False,explicit,32,640,False,last.pt,/home/ISW/project/object_detect_refine_proposed(100)/homeobjects-3K/yolo11n__side_9__multiclass__DIRECT/weights/last.pt,0.10449375559544243,0.025643646708571412,0.17990323528942387,0.21885667241035933,/home/ISW/project/object_detect_refine_proposed(100)/_yamls/homeobjects-3K/data_eval_clean.yaml
african-wildlife,yolov8n,scale_0.6,labels_scale_0.6,multiclass,False,explicit,32,640,False,last.pt,/home/ISW/project/object_detect_refine_proposed(100)/african-wildlife/yolov8n__scale_0.6__multiclass__DIRECT/weights/last.pt,0.9227840932000544,0.7357790883985931,0.9145547700366874,0.8647224045457401,/home/ISW/project/object_detect_refine_proposed(100)/_yamls/african-wildlife/data_eval_clean.yaml
african-wildlife,yolo11n,scale_0.6,labels_scale_0.6,multiclass,False,explicit,32,640,False,last.pt,/home/ISW/project/object_detect_refine_proposed(100)/african-wildlife/yolo11n__scale_0.6__multiclass__DIRECT/weights/last.pt,0.07068537020231251,0.00991603089372754,0.21422351911875603,0.17553181214258892,/home/ISW/project/object_detect_refine_proposed(100)/_yamls/african-wildlife/data_eval_clean.yaml
african-wildlife,yolov8n,scale_0.8,labels_scale_0.8,multiclass,False,explicit,32,640,False,last.pt,/home/ISW/project/object_detect_refine_proposed(100)/african-wildlife/yolov8n__scale_0.8__multiclass__DIRECT/weights/last.pt,0.9374659366533791,0.7401770082238621,0.8945021005674715,0.8784776961237304,/home/ISW/project/object_detect_refine_proposed(100)/_yamls/african-wildlife/data_eval_clean.yaml
african-wildlife,yolo11n,scale_0.8,labels_scale_0.8,multiclass,False,explicit,32,640,False,last.pt,/home/ISW/project/object_detect_refine_proposed(100)/african-wildlife/yolo11n__scale_0.8__multiclass__DIRECT/weights/last.pt,0.9139570738051688,0.7313636134805221,0.8776527726821974,0.8361087013721626,/home/ISW/project/object_detect_refine_proposed(100)/_yamls/african-wildlife/data_eval_clean.yaml
african-wildlife,yolov8n,scale_1.2,labels_scale_1.2,multiclass,False,explicit,32,640,False,last.pt,/home/ISW/project/object_detect_refine_proposed(100)/african-wildlife/yolov8n__scale_1.2__multiclass__DIRECT/weights/last.pt,0.9182062483520401,0.6972528274255465,0.9150618417386258,0.8365967093747384,/home/ISW/project/object_detect_refine_proposed(100)/_yamls/african-wildlife/data_eval_clean.yaml
african-wildlife,yolo11n,scale_1.2,labels_scale_1.2,multiclass,False,explicit,32,640,False,last.pt,/home/ISW/project/object_detect_refine_proposed(100)/african-wildlife/yolo11n__scale_1.2__multiclass__DIRECT/weights/last.pt,0.9293610590517182,0.7294029835675934,0.9037795445988135,0.8578402606998439,/home/ISW/project/object_detect_refine_proposed(100)/_yamls/african-wildlife/data_eval_clean.yaml
african-wildlife,yolov8n,scale_1.4,labels_scale_1.4,multiclass,False,explicit,32,640,False,last.pt,/home/ISW/project/object_detect_refine_proposed(100)/african-wildlife/yolov8n__scale_1.4__multiclass__DIRECT/weights/last.pt,0.9360254713386718,0.7512598566173875,0.8993383419418692,0.8732597187227822,/home/ISW/project/object_detect_refine_proposed(100)/_yamls/african-wildlife/data_eval_clean.yaml
african-wildlife,yolo11n,scale_1.4,labels_scale_1.4,multiclass,False,explicit,32,640,False,last.pt,/home/ISW/project/object_detect_refine_proposed(100)/african-wildlife/yolo11n__scale_1.4__multiclass__DIRECT/weights/last.pt,0.9064534888817143,0.6577676580157135,0.8850783155020607,0.8377177730603859,/home/ISW/project/object_detect_refine_proposed(100)/_yamls/african-wildlife/data_eval_clean.yaml
african-wildlife,yolov8n,side_1,labels_side_1,multiclass,False,explicit,32,640,False,last.pt,/home/ISW/project/object_detect_refine_proposed(100)/african-wildlife/yolov8n__side_1__multiclass__DIRECT/weights/last.pt,0.9180792498947603,0.7102314380388446,0.8949397125580142,0.8315752206428101,/home/ISW/project/object_detect_refine_proposed(100)/_yamls/african-wildlife/data_eval_clean.yaml
african-wildlife,yolo11n,side_1,labels_side_1,multiclass,False,explicit,32,640,False,last.pt,/home/ISW/project/object_detect_refine_proposed(100)/african-wildlife/yolo11n__side_1__multiclass__DIRECT/weights/last.pt,0.9271255293663968,0.7406092735707357,0.951031632494604,0.8250775268029242,/home/ISW/project/object_detect_refine_proposed(100)/_yamls/african-wildlife/data_eval_clean.yaml
african-wildlife,yolov8n,side_5,labels_side_5,multiclass,False,explicit,32,640,False,last.pt,/home/ISW/project/object_detect_refine_proposed(100)/african-wildlife/yolov8n__side_5__multiclass__DIRECT/weights/last.pt,0.904224321878447,0.6877081575880184,0.8922128671602888,0.8033890877362919,/home/ISW/project/object_detect_refine_proposed(100)/_yamls/african-wildlife/data_eval_clean.yaml
african-wildlife,yolo11n,side_5,labels_side_5,multiclass,False,explicit,32,640,False,last.pt,/home/ISW/project/object_detect_refine_proposed(100)/african-wildlife/yolo11n__side_5__multiclass__DIRECT/weights/last.pt,0.9304764043393122,0.7173240528326816,0.9069424967559131,0.8477168187822758,/home/ISW/project/object_detect_refine_proposed(100)/_yamls/african-wildlife/data_eval_clean.yaml
african-wildlife,yolov8n,side_9,labels_side_9,multiclass,False,explicit,32,640,False,last.pt,/home/ISW/project/object_detect_refine_proposed(100)/african-wildlife/yolov8n__side_9__multiclass__DIRECT/weights/last.pt,0.9110929280603453,0.6680409663138207,0.9090037051177754,0.8308300934203217,/home/ISW/project/object_detect_refine_proposed(100)/_yamls/african-wildlife/data_eval_clean.yaml
african-wildlife,yolo11n,side_9,labels_side_9,multiclass,False,explicit,32,640,False,last.pt,/home/ISW/project/object_detect_refine_proposed(100)/african-wildlife/yolo11n__side_9__multiclass__DIRECT/weights/last.pt,0.9283717405714441,0.6886494850411757,0.9501068364678563,0.8391052090848161,/home/ISW/project/object_detect_refine_proposed(100)/_yamls/african-wildlife/data_eval_clean.yaml
construction-ppe,yolov8n,scale_0.6,labels_scale_0.6,multiclass,False,explicit,32,640,False,last.pt,/home/ISW/project/object_detect_refine_proposed(100)/construction-ppe/yolov8n__scale_0.6__multiclass__DIRECT/weights/last.pt,0.4905957390477695,0.23554194151746838,0.7253744706453177,0.4348974017976207,/home/ISW/project/object_detect_refine_proposed(100)/_yamls/construction-ppe/data_eval_clean.yaml
construction-ppe,yolo11n,scale_0.6,labels_scale_0.6,multiclass,False,explicit,32,640,False,last.pt,/home/ISW/project/object_detect_refine_proposed(100)/construction-ppe/yolo11n__scale_0.6__multiclass__DIRECT/weights/last.pt,0.4850140553311334,0.23493753099841239,0.7451978963608717,0.4339631448470182,/home/ISW/project/object_detect_refine_proposed(100)/_yamls/construction-ppe/data_eval_clean.yaml
construction-ppe,yolov8n,scale_0.8,labels_scale_0.8,multiclass,False,explicit,32,640,False,last.pt,/home/ISW/project/object_detect_refine_proposed(100)/construction-ppe/yolov8n__scale_0.8__multiclass__DIRECT/weights/last.pt,0.48689899153348043,0.2136521808229711,0.6990694972550574,0.45404308141184163,/home/ISW/project/object_detect_refine_proposed(100)/_yamls/construction-ppe/data_eval_clean.yaml
construction-ppe,yolo11n,scale_0.8,labels_scale_0.8,multiclass,False,explicit,32,640,False,last.pt,/home/ISW/project/object_detect_refine_proposed(100)/construction-ppe/yolo11n__scale_0.8__multiclass__DIRECT/weights/last.pt,0.48984516582362614,0.21951673091901405,0.6759127204977797,0.44903678907492145,/home/ISW/project/object_detect_refine_proposed(100)/_yamls/construction-ppe/data_eval_clean.yaml
construction-ppe,yolov8n,scale_1.2,labels_scale_1.2,multiclass,False,explicit,32,640,False,last.pt,/home/ISW/project/object_detect_refine_proposed(100)/construction-ppe/yolov8n__scale_1.2__multiclass__DIRECT/weights/last.pt,0.4676162483590471,0.2068122593895892,0.622995858845643,0.46043367233982785,/home/ISW/project/object_detect_refine_proposed(100)/_yamls/construction-ppe/data_eval_clean.yaml
construction-ppe,yolo11n,scale_1.2,labels_scale_1.2,multiclass,False,explicit,32,640,False,last.pt,/home/ISW/project/object_detect_refine_proposed(100)/construction-ppe/yolo11n__scale_1.2__multiclass__DIRECT/weights/last.pt,0.459374707073477,0.20062867246423075,0.5949442303490832,0.44862467623147817,/home/ISW/project/object_detect_refine_proposed(100)/_yamls/construction-ppe/data_eval_clean.yaml
construction-ppe,yolov8n,scale_1.4,labels_scale_1.4,multiclass,False,explicit,32,640,False,last.pt,/home/ISW/project/object_detect_refine_proposed(100)/construction-ppe/yolov8n__scale_1.4__multiclass__DIRECT/weights/last.pt,0.429726674986826,0.19205791664656507,0.6595753713164361,0.39533668516921644,/home/ISW/project/object_detect_refine_proposed(100)/_yamls/construction-ppe/data_eval_clean.yaml
construction-ppe,yolo11n,scale_1.4,labels_scale_1.4,multiclass,False,explicit,32,640,False,last.pt,/home/ISW/project/object_detect_refine_proposed(100)/construction-ppe/yolo11n__scale_1.4__multiclass__DIRECT/weights/last.pt,0.4441001093755547,0.1964913247480939,0.5785237911809507,0.4300860516962361,/home/ISW/project/object_detect_refine_proposed(100)/_yamls/construction-ppe/data_eval_clean.yaml
construction-ppe,yolov8n,side_1,labels_side_1,multiclass,False,explicit,32,640,False,last.pt,/home/ISW/project/object_detect_refine_proposed(100)/construction-ppe/yolov8n__side_1__multiclass__DIRECT/weights/last.pt,0.4995806294204759,0.2207058995043564,0.7720670074118746,0.42989998462093504,/home/ISW/project/object_detect_refine_proposed(100)/_yamls/construction-ppe/data_eval_clean.yaml
construction-ppe,yolo11n,side_1,labels_side_1,multiclass,False,explicit,32,640,False,last.pt,/home/ISW/project/object_detect_refine_proposed(100)/construction-ppe/yolo11n__side_1__multiclass__DIRECT/weights/last.pt,0.49294267044381246,0.2210163050466887,0.6785329974141213,0.47273282233820263,/home/ISW/project/object_detect_refine_proposed(100)/_yamls/construction-ppe/data_eval_clean.yaml
construction-ppe,yolov8n,side_5,labels_side_5,multiclass,False,explicit,32,640,False,last.pt,/home/ISW/project/object_detect_refine_proposed(100)/construction-ppe/yolov8n__side_5__multiclass__DIRECT/weights/last.pt,0.4869384145129223,0.23166854900402079,0.6458763967928756,0.4564102511243236,/home/ISW/project/object_detect_refine_proposed(100)/_yamls/construction-ppe/data_eval_clean.yaml
construction-ppe,yolo11n,side_5,labels_side_5,multiclass,False,explicit,32,640,False,last.pt,/home/ISW/project/object_detect_refine_proposed(100)/construction-ppe/yolo11n__side_5__multiclass__DIRECT/weights/last.pt,0.49092491744214484,0.23501050666620454,0.6229354868023104,0.46099007731023484,/home/ISW/project/object_detect_refine_proposed(100)/_yamls/construction-ppe/data_eval_clean.yaml
construction-ppe,yolov8n,side_9,labels_side_9,multiclass,False,explicit,32,640,False,last.pt,/home/ISW/project/object_detect_refine_proposed(100)/construction-ppe/yolov8n__side_9__multiclass__DIRECT/weights/last.pt,0.48718447327612063,0.23424727323485425,0.6507895514250254,0.44919816288472086,/home/ISW/project/object_detect_refine_proposed(100)/_yamls/construction-ppe/data_eval_clean.yaml
construction-ppe,yolo11n,side_9,labels_side_9,multiclass,False,explicit,32,640,False,last.pt,/home/ISW/project/object_detect_refine_proposed(100)/construction-ppe/yolo11n__side_9__multiclass__DIRECT/weights/last.pt,0.5016337821741753,0.24049872874174544,0.6965710154392369,0.47023541564307564,/home/ISW/project/object_detect_refine_proposed(100)/_yamls/construction-ppe/data_eval_clean.yaml
brain-tumor,yolov8n,scale_0.6,labels_scale_0.6,multiclass,False,explicit,32,640,False,last.pt,/home/ISW/project/object_detect_refine_proposed(100)/brain-tumor/yolov8n__scale_0.6__multiclass__DIRECT/weights/last.pt,0.5083046926150807,0.36223593652884345,0.4686678823780341,0.7953472446237895,/home/ISW/project/object_detect_refine_proposed(100)/_yamls/brain-tumor/data_eval_clean.yaml
brain-tumor,yolo11n,scale_0.6,labels_scale_0.6,multiclass,False,explicit,32,640,False,last.pt,/home/ISW/project/object_detect_refine_proposed(100)/brain-tumor/yolo11n__scale_0.6__multiclass__DIRECT/weights/last.pt,0.4618939504428913,0.3270388748987681,0.4482204379912137,0.8244997621489544,/home/ISW/project/object_detect_refine_proposed(100)/_yamls/brain-tumor/data_eval_clean.yaml
brain-tumor,yolov8n,scale_0.8,labels_scale_0.8,multiclass,False,explicit,32,640,False,last.pt,/home/ISW/project/object_detect_refine_proposed(100)/brain-tumor/yolov8n__scale_0.8__multiclass__DIRECT/weights/last.pt,0.46995642981053487,0.3298665043352091,0.44377905825571407,0.8031422600388118,/home/ISW/project/object_detect_refine_proposed(100)/_yamls/brain-tumor/data_eval_clean.yaml
brain-tumor,yolo11n,scale_0.8,labels_scale_0.8,multiclass,False,explicit,32,640,False,last.pt,/home/ISW/project/object_detect_refine_proposed(100)/brain-tumor/yolo11n__scale_0.8__multiclass__DIRECT/weights/last.pt,0.5214511118629825,0.3616114273647669,0.47272475682491,0.8052140072693648,/home/ISW/project/object_detect_refine_proposed(100)/_yamls/brain-tumor/data_eval_clean.yaml
brain-tumor,yolov8n,scale_1.2,labels_scale_1.2,multiclass,False,explicit,32,640,False,last.pt,/home/ISW/project/object_detect_refine_proposed(100)/brain-tumor/yolov8n__scale_1.2__multiclass__DIRECT/weights/last.pt,0.49874826579963477,0.3591109847361543,0.4624980820975474,0.8213912524257352,/home/ISW/project/object_detect_refine_proposed(100)/_yamls/brain-tumor/data_eval_clean.yaml
brain-tumor,yolo11n,scale_1.2,labels_scale_1.2,multiclass,False,explicit,32,640,False,last.pt,/home/ISW/project/object_detect_refine_proposed(100)/brain-tumor/yolo11n__scale_1.2__multiclass__DIRECT/weights/last.pt,0.46673012477519116,0.3308566395537786,0.45703578151191565,0.804783278195323,/home/ISW/project/object_detect_refine_proposed(100)/_yamls/brain-tumor/data_eval_clean.yaml
brain-tumor,yolov8n,scale_1.4,labels_scale_1.4,multiclass,False,explicit,32,640,False,last.pt,/home/ISW/project/object_detect_refine_proposed(100)/brain-tumor/yolov8n__scale_1.4__multiclass__DIRECT/weights/last.pt,0.4834164725369344,0.35216485804600417,0.46875251289041386,0.8483728914763398,/home/ISW/project/object_detect_refine_proposed(100)/_yamls/brain-tumor/data_eval_clean.yaml
brain-tumor,yolo11n,scale_1.4,labels_scale_1.4,multiclass,False,explicit,32,640,False,last.pt,/home/ISW/project/object_detect_refine_proposed(100)/brain-tumor/yolo11n__scale_1.4__multiclass__DIRECT/weights/last.pt,0.5048803432094979,0.3642946375798745,0.46038194329201976,0.8521109118149806,/home/ISW/project/object_detect_refine_proposed(100)/_yamls/brain-tumor/data_eval_clean.yaml
brain-tumor,yolov8n,side_1,labels_side_1,multiclass,False,explicit,32,640,False,last.pt,/home/ISW/project/object_detect_refine_proposed(100)/brain-tumor/yolov8n__side_1__multiclass__DIRECT/weights/last.pt,0.5042703071378932,0.35995948092099617,0.46686007204692237,0.7846693536348709,/home/ISW/project/object_detect_refine_proposed(100)/_yamls/brain-tumor/data_eval_clean.yaml
brain-tumor,yolo11n,side_1,labels_side_1,multiclass,False,explicit,32,640,False,last.pt,/home/ISW/project/object_detect_refine_proposed(100)/brain-tumor/yolo11n__side_1__multiclass__DIRECT/weights/last.pt,0.4932014194160288,0.35352806686179006,0.4783598816094713,0.7998686339481609,/home/ISW/project/object_detect_refine_proposed(100)/_yamls/brain-tumor/data_eval_clean.yaml
brain-tumor,yolov8n,side_5,labels_side_5,multiclass,False,explicit,32,640,False,last.pt,/home/ISW/project/object_detect_refine_proposed(100)/brain-tumor/yolov8n__side_5__multiclass__DIRECT/weights/last.pt,0.48954084247224533,0.36448906536530157,0.47932760556964993,0.8548663979698463,/home/ISW/project/object_detect_refine_proposed(100)/_yamls/brain-tumor/data_eval_clean.yaml
brain-tumor,yolo11n,side_5,labels_side_5,multiclass,False,explicit,32,640,False,last.pt,/home/ISW/project/object_detect_refine_proposed(100)/brain-tumor/yolo11n__side_5__multiclass__DIRECT/weights/last.pt,0.4874476800856159,0.35488692619624157,0.45231578198750266,0.8312439297956105,/home/ISW/project/object_detect_refine_proposed(100)/_yamls/brain-tumor/data_eval_clean.yaml
brain-tumor,yolov8n,side_9,labels_side_9,multiclass,False,explicit,32,640,False,last.pt,/home/ISW/project/object_detect_refine_proposed(100)/brain-tumor/yolov8n__side_9__multiclass__DIRECT/weights/last.pt,0.46809469607089627,0.3389487477565169,0.4539663140105086,0.83038513210927,/home/ISW/project/object_detect_refine_proposed(100)/_yamls/brain-tumor/data_eval_clean.yaml
brain-tumor,yolo11n,side_9,labels_side_9,multiclass,False,explicit,32,640,False,last.pt,/home/ISW/project/object_detect_refine_proposed(100)/brain-tumor/yolo11n__side_9__multiclass__DIRECT/weights/last.pt,0.5159019569470689,0.37418297495972974,0.4612256519205748,0.8740523209233578,/home/ISW/project/object_detect_refine_proposed(100)/_yamls/brain-tumor/data_eval_clean.yaml
BCCD,yolov8n,scale_0.6,labels_scale_0.6,multiclass,False,explicit,32,640,False,last.pt,/home/ISW/project/object_detect_refine_proposed(100)/BCCD/yolov8n__scale_0.6__multiclass__DIRECT/weights/last.pt,0.9361522180115989,0.6382804666195445,0.9004844447708885,0.6612493104230711,/home/ISW/project/object_detect_refine_proposed(100)/_yamls/BCCD/data_eval_clean.yaml
BCCD,yolo11n,scale_0.6,labels_scale_0.6,multiclass,False,explicit,32,640,False,last.pt,/home/ISW/project/object_detect_refine_proposed(100)/BCCD/yolo11n__scale_0.6__multiclass__DIRECT/weights/last.pt,0.9245911879307623,0.617234614839006,0.9038657076068932,0.6295133437990581,/home/ISW/project/object_detect_refine_proposed(100)/_yamls/BCCD/data_eval_clean.yaml
BCCD,yolov8n,scale_0.8,labels_scale_0.8,multiclass,False,explicit,32,640,False,last.pt,/home/ISW/project/object_detect_refine_proposed(100)/BCCD/yolov8n__scale_0.8__multiclass__DIRECT/weights/last.pt,0.9361522180115989,0.6382804666195445,0.9004844447708885,0.6612493104230711,/home/ISW/project/object_detect_refine_proposed(100)/_yamls/BCCD/data_eval_clean.yaml
BCCD,yolo11n,scale_0.8,labels_scale_0.8,multiclass,False,explicit,32,640,False,last.pt,/home/ISW/project/object_detect_refine_proposed(100)/BCCD/yolo11n__scale_0.8__multiclass__DIRECT/weights/last.pt,0.9245911879307623,0.617234614839006,0.9038657076068932,0.6295133437990581,/home/ISW/project/object_detect_refine_proposed(100)/_yamls/BCCD/data_eval_clean.yaml
BCCD,yolov8n,scale_1.2,labels_scale_1.2,multiclass,False,explicit,32,640,False,last.pt,/home/ISW/project/object_detect_refine_proposed(100)/BCCD/yolov8n__scale_1.2__multiclass__DIRECT/weights/last.pt,0.66952340539221,0.3005140917825596,0.6498484288135579,0.6759276161269517,/home/ISW/project/object_detect_refine_proposed(100)/_yamls/BCCD/data_eval_clean.yaml
BCCD,yolo11n,scale_1.2,labels_scale_1.2,multiclass,False,explicit,32,640,False,last.pt,/home/ISW/project/object_detect_refine_proposed(100)/BCCD/yolo11n__scale_1.2__multiclass__DIRECT/weights/last.pt,0.9245911879307623,0.617234614839006,0.9038657076068932,0.6295133437990581,/home/ISW/project/object_detect_refine_proposed(100)/_yamls/BCCD/data_eval_clean.yaml
BCCD,yolov8n,scale_1.4,labels_scale_1.4,multiclass,False,explicit,32,640,False,last.pt,/home/ISW/project/object_detect_refine_proposed(100)/BCCD/yolov8n__scale_1.4__multiclass__DIRECT/weights/last.pt,0.9361522180115989,0.6382804666195445,0.9004844447708885,0.6612493104230711,/home/ISW/project/object_detect_refine_proposed(100)/_yamls/BCCD/data_eval_clean.yaml
BCCD,yolo11n,scale_1.4,labels_scale_1.4,multiclass,False,explicit,32,640,False,last.pt,/home/ISW/project/object_detect_refine_proposed(100)/BCCD/yolo11n__scale_1.4__multiclass__DIRECT/weights/last.pt,0.9245911879307623,0.617234614839006,0.9038657076068932,0.6295133437990581,/home/ISW/project/object_detect_refine_proposed(100)/_yamls/BCCD/data_eval_clean.yaml
BCCD,yolov8n,side_1,labels_side_1,multiclass,False,explicit,32,640,False,last.pt,/home/ISW/project/object_detect_refine_proposed(100)/BCCD/yolov8n__side_1__multiclass__DIRECT/weights/last.pt,0.9361522180115989,0.6382804666195445,0.9004844447708885,0.6612493104230711,/home/ISW/project/object_detect_refine_proposed(100)/_yamls/BCCD/data_eval_clean.yaml
BCCD,yolo11n,side_1,labels_side_1,multiclass,False,explicit,32,640,False,last.pt,/home/ISW/project/object_detect_refine_proposed(100)/BCCD/yolo11n__side_1__multiclass__DIRECT/weights/last.pt,0.9314728057436333,0.6363204228261824,0.9137441720665661,0.6237435001813146,/home/ISW/project/object_detect_refine_proposed(100)/_yamls/BCCD/data_eval_clean.yaml
BCCD,yolov8n,side_5,labels_side_5,multiclass,False,explicit,32,640,False,last.pt,/home/ISW/project/object_detect_refine_proposed(100)/BCCD/yolov8n__side_5__multiclass__DIRECT/weights/last.pt,0.6705798714444907,0.3172249423274249,0.6452375892627701,0.6762713654496447,/home/ISW/project/object_detect_refine_proposed(100)/_yamls/BCCD/data_eval_clean.yaml
BCCD,yolo11n,side_5,labels_side_5,multiclass,False,explicit,32,640,False,last.pt,/home/ISW/project/object_detect_refine_proposed(100)/BCCD/yolo11n__side_5__multiclass__DIRECT/weights/last.pt,0.7571630300789772,0.26470345151110614,0.9140103428724281,0.5406878835450264,/home/ISW/project/object_detect_refine_proposed(100)/_yamls/BCCD/data_eval_clean.yaml
BCCD,yolov8n,side_9,labels_side_9,multiclass,False,explicit,32,640,False,last.pt,/home/ISW/project/object_detect_refine_proposed(100)/BCCD/yolov8n__side_9__multiclass__DIRECT/weights/last.pt,0.9132244798278294,0.6142431297437791,0.8568638264826894,0.6770047135333711,/home/ISW/project/object_detect_refine_proposed(100)/_yamls/BCCD/data_eval_clean.yaml
BCCD,yolo11n,side_9,labels_side_9,multiclass,False,explicit,32,640,False,last.pt,/home/ISW/project/object_detect_refine_proposed(100)/BCCD/yolo11n__side_9__multiclass__DIRECT/weights/last.pt,0.6201503006209513,0.23798417314846973,0.9300971684525404,0.39103867756130156,/home/ISW/project/object_detect_refine_proposed(100)/_yamls/BCCD/data_eval_clean.yaml
signature,yolov8n,scale_0.6,labels_scale_0.6,multiclass,False,explicit,32,640,False,last.pt,/home/ISW/project/object_detect_refine_proposed(100)/signature/yolov8n__scale_0.6__multiclass__DIRECT/weights/last.pt,0.995,0.9339115738188377,1.0,0.9568947344563741,/home/ISW/project/object_detect_refine_proposed(100)/_yamls/signature/data_eval_clean.yaml
signature,yolo11n,scale_0.6,labels_scale_0.6,multiclass,False,explicit,32,640,False,last.pt,/home/ISW/project/object_detect_refine_proposed(100)/signature/yolo11n__scale_0.6__multiclass__DIRECT/weights/last.pt,0.975192096597146,0.9102303361876631,1.0,0.9248776867049903,/home/ISW/project/object_detect_refine_proposed(100)/_yamls/signature/data_eval_clean.yaml
signature,yolov8n,scale_0.8,labels_scale_0.8,multiclass,False,explicit,32,640,False,last.pt,/home/ISW/project/object_detect_refine_proposed(100)/signature/yolov8n__scale_0.8__multiclass__DIRECT/weights/last.pt,0.995,0.9337187119452446,1.0,0.9576755265018448,/home/ISW/project/object_detect_refine_proposed(100)/_yamls/signature/data_eval_clean.yaml
signature,yolo11n,scale_0.8,labels_scale_0.8,multiclass,False,explicit,32,640,False,last.pt,/home/ISW/project/object_detect_refine_proposed(100)/signature/yolo11n__scale_0.8__multiclass__DIRECT/weights/last.pt,0.9454853022739877,0.7014147627173195,1.0,0.9265418796407455,/home/ISW/project/object_detect_refine_proposed(100)/_yamls/signature/data_eval_clean.yaml
signature,yolov8n,scale_1.2,labels_scale_1.2,multiclass,False,explicit,32,640,False,last.pt,/home/ISW/project/object_detect_refine_proposed(100)/signature/yolov8n__scale_1.2__multiclass__DIRECT/weights/last.pt,0.995,0.905952639604679,1.0,0.9608851111900009,/home/ISW/project/object_detect_refine_proposed(100)/_yamls/signature/data_eval_clean.yaml
signature,yolo11n,scale_1.2,labels_scale_1.2,multiclass,False,explicit,32,640,False,last.pt,/home/ISW/project/object_detect_refine_proposed(100)/signature/yolo11n__scale_1.2__multiclass__DIRECT/weights/last.pt,0.9892342342342343,0.8919827628061556,0.990147995784755,0.9428571428571428,/home/ISW/project/object_detect_refine_proposed(100)/_yamls/signature/data_eval_clean.yaml
signature,yolov8n,scale_1.4,labels_scale_1.4,multiclass,False,explicit,32,640,False,last.pt,/home/ISW/project/object_detect_refine_proposed(100)/signature/yolov8n__scale_1.4__multiclass__DIRECT/weights/last.pt,0.9801960784313725,0.8409214572419217,0.9864596534532002,0.9428571428571428,/home/ISW/project/object_detect_refine_proposed(100)/_yamls/signature/data_eval_clean.yaml
signature,yolo11n,scale_1.4,labels_scale_1.4,multiclass,False,explicit,32,640,False,last.pt,/home/ISW/project/object_detect_refine_proposed(100)/signature/yolo11n__scale_1.4__multiclass__DIRECT/weights/last.pt,0.9455659767141009,0.7974145160432762,1.0,0.8989861877898165,/home/ISW/project/object_detect_refine_proposed(100)/_yamls/signature/data_eval_clean.yaml
signature,yolov8n,side_1,labels_side_1,multiclass,False,explicit,32,640,False,last.pt,/home/ISW/project/object_detect_refine_proposed(100)/signature/yolov8n__side_1__multiclass__DIRECT/weights/last.pt,0.9454405479559738,0.913468527951222,0.9852506478961068,0.9428571428571428,/home/ISW/project/object_detect_refine_proposed(100)/_yamls/signature/data_eval_clean.yaml
signature,yolo11n,side_1,labels_side_1,multiclass,False,explicit,32,640,False,last.pt,/home/ISW/project/object_detect_refine_proposed(100)/signature/yolo11n__side_1__multiclass__DIRECT/weights/last.pt,0.9733673333333334,0.9212886878772478,0.9932418668327063,0.9428571428571428,/home/ISW/project/object_detect_refine_proposed(100)/_yamls/signature/data_eval_clean.yaml
signature,yolov8n,side_5,labels_side_5,multiclass,False,explicit,32,640,False,last.pt,/home/ISW/project/object_detect_refine_proposed(100)/signature/yolov8n__side_5__multiclass__DIRECT/weights/last.pt,0.995,0.8867526437148676,0.9997528823878188,1.0,/home/ISW/project/object_detect_refine_proposed(100)/_yamls/signature/data_eval_clean.yaml
signature,yolo11n,side_5,labels_side_5,multiclass,False,explicit,32,640,False,last.pt,/home/ISW/project/object_detect_refine_proposed(100)/signature/yolo11n__side_5__multiclass__DIRECT/weights/last.pt,0.995,0.9099848863636364,1.0,0.9194590643500802,/home/ISW/project/object_detect_refine_proposed(100)/_yamls/signature/data_eval_clean.yaml
signature,yolov8n,side_9,labels_side_9,multiclass,False,explicit,32,640,False,last.pt,/home/ISW/project/object_detect_refine_proposed(100)/signature/yolov8n__side_9__multiclass__DIRECT/weights/last.pt,0.995,0.9013364413900771,1.0,0.9473118017644885,/home/ISW/project/object_detect_refine_proposed(100)/_yamls/signature/data_eval_clean.yaml
signature,yolo11n,side_9,labels_side_9,multiclass,False,explicit,32,640,False,last.pt,/home/ISW/project/object_detect_refine_proposed(100)/signature/yolo11n__side_9__multiclass__DIRECT/weights/last.pt,0.9743757247409941,0.8629089467295683,1.0,0.8104951500043841,/home/ISW/project/object_detect_refine_proposed(100)/_yamls/signature/data_eval_clean.yaml
medical-pills,yolov8n,scale_0.6,labels_scale_0.6,multiclass,False,explicit,32,640,False,last.pt,/home/ISW/project/object_detect_refine_proposed(100)/medical-pills/yolov8n__scale_0.6__multiclass__DIRECT/weights/last.pt,0.9824107995227636,0.7526049334655471,0.9934478098645946,0.7600051311561518,/home/ISW/project/object_detect_refine_proposed(100)/_yamls/medical-pills/data_eval_clean.yaml
medical-pills,yolo11n,scale_0.6,labels_scale_0.6,multiclass,False,explicit,32,640,False,last.pt,/home/ISW/project/object_detect_refine_proposed(100)/medical-pills/yolo11n__scale_0.6__multiclass__DIRECT/weights/last.pt,0.9141690741790898,0.6666549864238173,0.05753623188405797,0.9949874686716792,/home/ISW/project/object_detect_refine_proposed(100)/_yamls/medical-pills/data_eval_clean.yaml
medical-pills,yolov8n,scale_0.8,labels_scale_0.8,multiclass,False,explicit,32,640,False,last.pt,/home/ISW/project/object_detect_refine_proposed(100)/medical-pills/yolov8n__scale_0.8__multiclass__DIRECT/weights/last.pt,0.9822675614669154,0.7483453410612504,0.9969942237560496,0.8313117833930564,/home/ISW/project/object_detect_refine_proposed(100)/_yamls/medical-pills/data_eval_clean.yaml
medical-pills,yolo11n,scale_0.8,labels_scale_0.8,multiclass,False,explicit,32,640,False,last.pt,/home/ISW/project/object_detect_refine_proposed(100)/medical-pills/yolo11n__scale_0.8__multiclass__DIRECT/weights/last.pt,0.9213639146543291,0.6709367522873687,0.057681159420289854,0.9974937343358395,/home/ISW/project/object_detect_refine_proposed(100)/_yamls/medical-pills/data_eval_clean.yaml
medical-pills,yolov8n,scale_1.2,labels_scale_1.2,multiclass,False,explicit,32,640,False,last.pt,/home/ISW/project/object_detect_refine_proposed(100)/medical-pills/yolov8n__scale_1.2__multiclass__DIRECT/weights/last.pt,0.9738021914424925,0.7379960827280925,0.9913185332825851,0.5723730241901611,/home/ISW/project/object_detect_refine_proposed(100)/_yamls/medical-pills/data_eval_clean.yaml
medical-pills,yolo11n,scale_1.2,labels_scale_1.2,multiclass,False,explicit,32,640,False,last.pt,/home/ISW/project/object_detect_refine_proposed(100)/medical-pills/yolo11n__scale_1.2__multiclass__DIRECT/weights/last.pt,0.9330531396899524,0.6697405103425176,0.057391304347826085,0.9924812030075187,/home/ISW/project/object_detect_refine_proposed(100)/_yamls/medical-pills/data_eval_clean.yaml
medical-pills,yolov8n,scale_1.4,labels_scale_1.4,multiclass,False,explicit,32,640,False,last.pt,/home/ISW/project/object_detect_refine_proposed(100)/medical-pills/yolov8n__scale_1.4__multiclass__DIRECT/weights/last.pt,0.9827193424377764,0.723784535751183,0.9970155169103129,0.8372596075810027,/home/ISW/project/object_detect_refine_proposed(100)/_yamls/medical-pills/data_eval_clean.yaml
medical-pills,yolo11n,scale_1.4,labels_scale_1.4,multiclass,False,explicit,32,640,False,last.pt,/home/ISW/project/object_detect_refine_proposed(100)/medical-pills/yolo11n__scale_1.4__multiclass__DIRECT/weights/last.pt,0.9261540538867712,0.6409258263480562,0.05753623188405797,0.9949874686716792,/home/ISW/project/object_detect_refine_proposed(100)/_yamls/medical-pills/data_eval_clean.yaml
medical-pills,yolov8n,side_1,labels_side_1,multiclass,False,explicit,32,640,False,last.pt,/home/ISW/project/object_detect_refine_proposed(100)/medical-pills/yolov8n__side_1__multiclass__DIRECT/weights/last.pt,0.9849893515091407,0.7529680242457734,0.9971379054561941,0.8731708056995021,/home/ISW/project/object_detect_refine_proposed(100)/_yamls/medical-pills/data_eval_clean.yaml
medical-pills,yolo11n,side_1,labels_side_1,multiclass,False,explicit,32,640,False,last.pt,/home/ISW/project/object_detect_refine_proposed(100)/medical-pills/yolo11n__side_1__multiclass__DIRECT/weights/last.pt,0.9291638799537403,0.6574215408893923,0.057681159420289854,0.9974937343358395,/home/ISW/project/object_detect_refine_proposed(100)/_yamls/medical-pills/data_eval_clean.yaml
medical-pills,yolov8n,side_5,labels_side_5,multiclass,False,explicit,32,640,False,last.pt,/home/ISW/project/object_detect_refine_proposed(100)/medical-pills/yolov8n__side_5__multiclass__DIRECT/weights/last.pt,0.9802338370912971,0.7456534186980577,0.9969698514913802,0.8246037052718244,/home/ISW/project/object_detect_refine_proposed(100)/_yamls/medical-pills/data_eval_clean.yaml
medical-pills,yolo11n,side_5,labels_side_5,multiclass,False,explicit,32,640,False,last.pt,/home/ISW/project/object_detect_refine_proposed(100)/medical-pills/yolo11n__side_5__multiclass__DIRECT/weights/last.pt,0.7972814758190945,0.5807228075504032,0.05753623188405797,0.9949874686716792,/home/ISW/project/object_detect_refine_proposed(100)/_yamls/medical-pills/data_eval_clean.yaml
medical-pills,yolov8n,side_9,labels_side_9,multiclass,False,explicit,32,640,False,last.pt,/home/ISW/project/object_detect_refine_proposed(100)/medical-pills/yolov8n__side_9__multiclass__DIRECT/weights/last.pt,0.979115281256326,0.7423177206831937,0.99666245971786,0.7484276608823132,/home/ISW/project/object_detect_refine_proposed(100)/_yamls/medical-pills/data_eval_clean.yaml
medical-pills,yolo11n,side_9,labels_side_9,multiclass,False,explicit,32,640,False,last.pt,/home/ISW/project/object_detect_refine_proposed(100)/medical-pills/yolo11n__side_9__multiclass__DIRECT/weights/last.pt,0.9161215986653175,0.656934334730264,0.05753623188405797,0.9949874686716792,/home/ISW/project/object_detect_refine_proposed(100)/_yamls/medical-pills/data_eval_clean.yaml
VOC,yolov8n,scale_0.6,labels_scale_0.6,multiclass,False,explicit,32,640,False,last.pt,/home/ISW/project/object_detect_refine_proposed(100)/VOC/yolov8n__scale_0.6__multiclass__DIRECT/weights/last.pt,0.7014952162465922,0.4853356092815217,0.7320403855841447,0.6413176741650065,/home/ISW/project/object_detect_refine_proposed(100)/_yamls/VOC/data_eval_clean.yaml
VOC,yolo11n,scale_0.6,labels_scale_0.6,multiclass,False,explicit,32,640,False,last.pt,/home/ISW/project/object_detect_refine_proposed(100)/VOC/yolo11n__scale_0.6__multiclass__DIRECT/weights/last.pt,0.6987741310498549,0.4801641482005438,0.7213700953714481,0.6489711058390903,/home/ISW/project/object_detect_refine_proposed(100)/_yamls/VOC/data_eval_clean.yaml
VOC,yolov8n,scale_0.8,labels_scale_0.8,multiclass,False,explicit,32,640,False,last.pt,/home/ISW/project/object_detect_refine_proposed(100)/VOC/yolov8n__scale_0.8__multiclass__DIRECT/weights/last.pt,0.7043867755781761,0.43182781060560205,0.7527316578672493,0.6318303287070159,/home/ISW/project/object_detect_refine_proposed(100)/_yamls/VOC/data_eval_clean.yaml
VOC,yolo11n,scale_0.8,labels_scale_0.8,multiclass,False,explicit,32,640,False,last.pt,/home/ISW/project/object_detect_refine_proposed(100)/VOC/yolo11n__scale_0.8__multiclass__DIRECT/weights/last.pt,0.7075166403007875,0.4384390567384429,0.7385183499211196,0.647525486215043,/home/ISW/project/object_detect_refine_proposed(100)/_yamls/VOC/data_eval_clean.yaml
VOC,yolov8n,scale_1.2,labels_scale_1.2,multiclass,False,explicit,32,640,False,last.pt,/home/ISW/project/object_detect_refine_proposed(100)/VOC/yolov8n__scale_1.2__multiclass__DIRECT/weights/last.pt,0.73804742352651,0.517911053552228,0.7686470194344748,0.6609830581311339,/home/ISW/project/object_detect_refine_proposed(100)/_yamls/VOC/data_eval_clean.yaml
VOC,yolo11n,scale_1.2,labels_scale_1.2,multiclass,False,explicit,32,640,False,last.pt,/home/ISW/project/object_detect_refine_proposed(100)/VOC/yolo11n__scale_1.2__multiclass__DIRECT/weights/last.pt,0.6809709270907104,0.4087393170250975,0.7308777475668171,0.6273802024681155,/home/ISW/project/object_detect_refine_proposed(100)/_yamls/VOC/data_eval_clean.yaml
VOC,yolov8n,scale_1.4,labels_scale_1.4,multiclass,False,explicit,32,640,False,last.pt,/home/ISW/project/object_detect_refine_proposed(100)/VOC/yolov8n__scale_1.4__multiclass__DIRECT/weights/last.pt,0.6400711007185144,0.36301776247421147,0.7160373560648392,0.5794472413004953,/home/ISW/project/object_detect_refine_proposed(100)/_yamls/VOC/data_eval_clean.yaml
VOC,yolo11n,scale_1.4,labels_scale_1.4,multiclass,False,explicit,32,640,False,last.pt,/home/ISW/project/object_detect_refine_proposed(100)/VOC/yolo11n__scale_1.4__multiclass__DIRECT/weights/last.pt,0.6413594227248363,0.36851139116504994,0.7141489932001747,0.585207383605943,/home/ISW/project/object_detect_refine_proposed(100)/_yamls/VOC/data_eval_clean.yaml
VOC,yolov8n,side_1,labels_side_1,multiclass,False,explicit,32,640,False,last.pt,/home/ISW/project/object_detect_refine_proposed(100)/VOC/yolov8n__side_1__multiclass__DIRECT/weights/last.pt,0.7244561404943675,0.5094897712567676,0.7662942207423732,0.6531423466733924,/home/ISW/project/object_detect_refine_proposed(100)/_yamls/VOC/data_eval_clean.yaml
VOC,yolo11n,side_1,labels_side_1,multiclass,False,explicit,32,640,False,last.pt,/home/ISW/project/object_detect_refine_proposed(100)/VOC/yolo11n__side_1__multiclass__DIRECT/weights/last.pt,0.7291509095213115,0.5125417158046771,0.7609748409833333,0.6674798930529986,/home/ISW/project/object_detect_refine_proposed(100)/_yamls/VOC/data_eval_clean.yaml
VOC,yolov8n,side_5,labels_side_5,multiclass,False,explicit,32,640,False,last.pt,/home/ISW/project/object_detect_refine_proposed(100)/VOC/yolov8n__side_5__multiclass__DIRECT/weights/last.pt,0.6771368050573922,0.44954734466241036,0.7306726086475452,0.6151620018053954,/home/ISW/project/object_detect_refine_proposed(100)/_yamls/VOC/data_eval_clean.yaml
VOC,yolo11n,side_5,labels_side_5,multiclass,False,explicit,32,640,False,last.pt,/home/ISW/project/object_detect_refine_proposed(100)/VOC/yolo11n__side_5__multiclass__DIRECT/weights/last.pt,0.6731060286605457,0.44919412388732105,0.7182837798336437,0.6264641049751474,/home/ISW/project/object_detect_refine_proposed(100)/_yamls/VOC/data_eval_clean.yaml
VOC,yolov8n,side_9,labels_side_9,multiclass,False,explicit,32,640,False,last.pt,/home/ISW/project/object_detect_refine_proposed(100)/VOC/yolov8n__side_9__multiclass__DIRECT/weights/last.pt,0.6631079146894073,0.43038168629928836,0.7213570474543183,0.6076646819254415,/home/ISW/project/object_detect_refine_proposed(100)/_yamls/VOC/data_eval_clean.yaml
VOC,yolo11n,side_9,labels_side_9,multiclass,False,explicit,32,640,False,last.pt,/home/ISW/project/object_detect_refine_proposed(100)/VOC/yolo11n__side_9__multiclass__DIRECT/weights/last.pt,0.6702937802016229,0.4325133937175983,0.7218414002049927,0.6198187003363068,/home/ISW/project/object_detect_refine_proposed(100)/_yamls/VOC/data_eval_clean.yaml
