dataset,model,case,labels_dir,class_mode,split_mode,train_fraction,train_used,train_total,effective_batch,effective_imgsz,metrics/mAP50(B),metrics/mAP50-95(B),metrics/precision(B),metrics/recall(B)
kitti,yolov8n,side_1,labels_side_1,multiclass,explicit,1,5985,5985,32,640,0.6475407,0.378997071,0.696788916,0.600594734
kitti,yolo11n,side_1,labels_side_1,multiclass,explicit,1,5985,5985,32,640,0.630809854,0.36837381,0.716647818,0.563120053
kitti,detr,side_1,labels_side_1,multiclass,explicit,1,5985,5985,4,640,0.866085758,0.563603449,0.852118963,0.806341814
kitti,yolov8n,side_1,labels_side_1,object_only,explicit,1,5985,5985,32,640,0.831503173,0.531440952,0.873298717,0.714867731
kitti,yolo11n,side_1,labels_side_1,object_only,explicit,1,5985,5985,32,640,0.820612203,0.523679643,0.854035256,0.703863189
kitti,detr,side_1,labels_side_1,object_only,explicit,1,5985,5985,4,640,0.929554076,0.667957861,0.908007338,0.858882874
kitti,yolov8n,side_3,labels_side_3,multiclass,explicit,1,5985,5985,32,640,0.348591238,0.150551157,0.369182492,0.449231694
kitti,yolo11n,side_3,labels_side_3,multiclass,explicit,1,5985,5985,32,640,0.352164607,0.151104722,0.392142785,0.414887885
kitti,detr,side_3,labels_side_3,multiclass,explicit,1,5985,5985,4,640,0.795021758,0.456274702,0.787025079,0.749073314
kitti,yolov8n,side_3,labels_side_3,object_only,explicit,1,5985,5985,32,640,0.442252016,0.207036464,0.395559945,0.520608289
kitti,yolo11n,side_3,labels_side_3,object_only,explicit,1,5985,5985,32,640,0.431958667,0.194884647,0.38666953,0.515625
kitti,detr,side_3,labels_side_3,object_only,explicit,1,5985,5985,4,640,0.817482981,0.500726405,0.842007833,0.689127527
kitti,yolov8n,side_5,labels_side_5,multiclass,explicit,1,5985,5985,32,640,0.166121445,0.040884814,0.180208762,0.349120183
kitti,yolo11n,side_5,labels_side_5,multiclass,explicit,1,5985,5985,32,640,0.168970908,0.039601499,0.311707229,0.30964439
kitti,detr,side_5,labels_side_5,multiclass,explicit,1,5985,5985,4,640,0.295537526,0.054901226,0.258071306,0.566801883
kitti,yolov8n,side_5,labels_side_5,object_only,explicit,1,5985,5985,32,640,0.22786059,0.055439649,0.154279021,0.59128937
kitti,yolo11n,side_5,labels_side_5,object_only,explicit,1,5985,5985,32,640,0.215353569,0.05429728,0.217196039,0.364419291
kitti,detr,side_5,labels_side_5,object_only,explicit,1,5985,5985,4,640,0.304667839,0.082767111,0.144256556,0.726870079
kitti,yolov8n,side_7,labels_side_7,multiclass,explicit,1,5985,5985,32,640,0.159634639,0.033191702,0.182033024,0.360874409
kitti,yolo11n,side_7,labels_side_7,multiclass,explicit,1,5985,5985,32,640,0.176830203,0.037134253,0.333069403,0.291403986
kitti,detr,side_7,labels_side_7,multiclass,explicit,1,5985,5985,4,640,0.253387394,0.048211994,0.262190375,0.508780506
kitti,yolov8n,side_7,labels_side_7,object_only,explicit,1,5985,5985,32,640,0.231989149,0.054797881,0.169324063,0.578125
kitti,yolo11n,side_7,labels_side_7,object_only,explicit,1,5985,5985,32,640,0.198905288,0.053290656,0.157459311,0.504552165
kitti,detr,side_7,labels_side_7,object_only,explicit,1,5985,5985,4,640,0.243561781,0.050113124,0.193788083,0.606299213
kitti,yolov8n,side_9,labels_side_9,multiclass,explicit,1,5985,5985,32,640,0.065445282,0.013832079,0.29936028,0.236331801
kitti,yolo11n,side_9,labels_side_9,multiclass,explicit,1,5985,5985,32,640,0.048976658,0.008782356,0.119766188,0.340712703
kitti,detr,side_9,labels_side_9,multiclass,explicit,1,5985,5985,4,640,0.073068201,0.016184659,0.077443284,0.292507988
kitti,yolov8n,side_9,labels_side_9,object_only,explicit,1,5985,5985,32,640,0.087083075,0.017682751,0.137345189,0.201279528
kitti,yolo11n,side_9,labels_side_9,object_only,explicit,1,5985,5985,32,640,0.074933227,0.012604467,0.059857268,0.526820866
kitti,detr,side_9,labels_side_9,object_only,explicit,1,5985,5985,4,640,0.089648433,0.016792092,0.089620068,0.375984252
homeobjects-3K,yolov8n,side_1,labels_side_1,multiclass,explicit,1,2285,2285,32,640,0.601437249,0.386193959,0.65941023,0.574059556
homeobjects-3K,yolo11n,side_1,labels_side_1,multiclass,explicit,1,2285,2285,32,640,0.616276332,0.398160731,0.667777853,0.559981125
homeobjects-3K,detr,side_1,labels_side_1,multiclass,explicit,1,2285,2285,4,640,0.723032826,0.521886814,0.738488469,0.700543198
homeobjects-3K,yolov8n,side_1,labels_side_1,object_only,explicit,1,2285,2285,32,640,0.717994008,0.447794432,0.725762269,0.64351585
homeobjects-3K,yolo11n,side_1,labels_side_1,object_only,explicit,1,2285,2285,32,640,0.720781478,0.4502899,0.729395885,0.643227666
homeobjects-3K,detr,side_1,labels_side_1,object_only,explicit,1,2285,2285,4,640,0.793207379,0.533638971,0.763031461,0.729682997
homeobjects-3K,yolov8n,side_3,labels_side_3,multiclass,explicit,1,2285,2285,32,640,0.333732889,0.141546501,0.348891588,0.385828273
homeobjects-3K,yolo11n,side_3,labels_side_3,multiclass,explicit,1,2285,2285,32,640,0.350002771,0.143098824,0.404721269,0.402718518
homeobjects-3K,detr,side_3,labels_side_3,multiclass,explicit,1,2285,2285,4,640,0.566486174,0.371931753,0.561385897,0.576015306
homeobjects-3K,yolov8n,side_3,labels_side_3,object_only,explicit,1,2285,2285,32,640,0.261942281,0.110825769,0.260284942,0.478386167
homeobjects-3K,yolo11n,side_3,labels_side_3,object_only,explicit,1,2285,2285,32,640,0.250905485,0.10575207,0.271971382,0.453314121
homeobjects-3K,detr,side_3,labels_side_3,object_only,explicit,1,2285,2285,4,640,0.570093962,0.307831518,0.60672593,0.516138329
homeobjects-3K,yolov8n,side_5,labels_side_5,multiclass,explicit,1,2285,2285,32,640,0.167277044,0.038470969,0.277019697,0.277902703
homeobjects-3K,yolo11n,side_5,labels_side_5,multiclass,explicit,1,2285,2285,32,640,0.160609363,0.039178899,0.281112105,0.265342205
homeobjects-3K,detr,side_5,labels_side_5,multiclass,explicit,1,2285,2285,4,640,0.203274307,0.110105707,0.539199263,0.25118636
homeobjects-3K,yolov8n,side_5,labels_side_5,object_only,explicit,1,2285,2285,32,640,0.124388988,0.028097683,0.046719318,0.731988473
homeobjects-3K,yolo11n,side_5,labels_side_5,object_only,explicit,1,2285,2285,32,640,0.114282845,0.028512791,0.039942011,0.762824207
homeobjects-3K,detr,side_5,labels_side_5,object_only,explicit,1,2285,2285,4,640,0.166017282,0.056535686,0.166394439,0.368299712
homeobjects-3K,yolov8n,side_7,labels_side_7,multiclass,explicit,1,2285,2285,32,640,0.1575544,0.034133122,0.280855893,0.273302338
homeobjects-3K,yolo11n,side_7,labels_side_7,multiclass,explicit,1,2285,2285,32,640,0.145052081,0.032235697,0.311407771,0.24705215
homeobjects-3K,detr,side_7,labels_side_7,multiclass,explicit,1,2285,2285,4,640,0.132013835,0.067924321,0.551301094,0.231512653
homeobjects-3K,yolov8n,side_7,labels_side_7,object_only,explicit,1,2285,2285,32,640,0.129247637,0.027158913,0.03964747,0.747838617
homeobjects-3K,yolo11n,side_7,labels_side_7,object_only,explicit,1,2285,2285,32,640,0.098726305,0.024188408,0.031902823,0.654755043
homeobjects-3K,detr,side_7,labels_side_7,object_only,explicit,1,2285,2285,4,640,0.170650597,0.059840533,0.188511701,0.357925072
homeobjects-3K,yolov8n,side_9,labels_side_9,multiclass,explicit,1,2285,2285,32,640,0.043315954,0.013279743,0.012262799,0.374583633
homeobjects-3K,yolo11n,side_9,labels_side_9,multiclass,explicit,1,2285,2285,32,640,0.031162084,0.007717222,0.008122977,0.330606184
homeobjects-3K,detr,side_9,labels_side_9,multiclass,explicit,1,2285,2285,4,640,0.094160311,0.037614179,0.26965359,0.21061739
homeobjects-3K,yolov8n,side_9,labels_side_9,object_only,explicit,1,2285,2285,32,640,0.04034098,0.008162826,0.018646839,0.647550432
homeobjects-3K,yolo11n,side_9,labels_side_9,object_only,explicit,1,2285,2285,32,640,0.036272535,0.008010421,0.01862288,0.650432277
homeobjects-3K,detr,side_9,labels_side_9,object_only,explicit,1,2285,2285,4,640,0.043011643,0.013058913,0.054835068,0.26685879
african-wildlife,yolov8n,side_1,labels_side_1,multiclass,explicit,1,1052,1052,32,640,0.918899916,0.65703675,0.932642649,0.831413669
african-wildlife,yolo11n,side_1,labels_side_1,multiclass,explicit,1,1052,1052,32,640,0.900755881,0.647395684,0.903420783,0.81830485
african-wildlife,detr,side_1,labels_side_1,multiclass,explicit,1,1052,1052,4,640,0.894001766,0.724900821,0.886552623,0.856982571
african-wildlife,yolov8n,side_1,labels_side_1,object_only,explicit,1,1052,1052,32,640,0.935257276,0.645013107,0.943174678,0.841688654
african-wildlife,yolo11n,side_1,labels_side_1,object_only,explicit,1,1052,1052,32,640,0.919380434,0.630699484,0.905861113,0.846965699
african-wildlife,detr,side_1,labels_side_1,object_only,explicit,1,1052,1052,4,640,0.868753934,0.616149568,0.837338994,0.814948841
african-wildlife,yolov8n,side_3,labels_side_3,multiclass,explicit,1,1052,1052,32,640,0.643266896,0.289325443,0.536996484,0.683341154
african-wildlife,yolo11n,side_3,labels_side_3,multiclass,explicit,1,1052,1052,32,640,0.610390331,0.288412059,0.500367779,0.676435913
african-wildlife,detr,side_3,labels_side_3,multiclass,explicit,1,1052,1052,4,640,0.684724841,0.401492376,0.689669764,0.642748001
african-wildlife,yolov8n,side_3,labels_side_3,object_only,explicit,1,1052,1052,32,640,0.623272202,0.279833844,0.439303679,0.769026706
african-wildlife,yolo11n,side_3,labels_side_3,object_only,explicit,1,1052,1052,32,640,0.624626637,0.229099774,0.470714742,0.751978892
african-wildlife,detr,side_3,labels_side_3,object_only,explicit,1,1052,1052,4,640,0.604503335,0.355846674,0.604942408,0.604221636
african-wildlife,yolov8n,side_5,labels_side_5,multiclass,explicit,1,1052,1052,32,640,0.3282423,0.111139377,0.378628888,0.299029237
african-wildlife,yolo11n,side_5,labels_side_5,multiclass,explicit,1,1052,1052,32,640,0.320892272,0.090543741,0.301405065,0.479428814
african-wildlife,detr,side_5,labels_side_5,multiclass,explicit,1,1052,1052,4,640,0.227550437,0.112814853,0.136455943,0.604804314
african-wildlife,yolov8n,side_5,labels_side_5,object_only,explicit,1,1052,1052,32,640,0.325208091,0.099988987,0.187690799,0.654353562
african-wildlife,yolo11n,side_5,labels_side_5,object_only,explicit,1,1052,1052,32,640,0.288470432,0.097268909,0.08707002,0.860158311
african-wildlife,detr,side_5,labels_side_5,object_only,explicit,1,1052,1052,4,640,0.22052044,0.10645331,0.15388288,0.540809832
african-wildlife,yolov8n,side_7,labels_side_7,multiclass,explicit,1,1052,1052,32,640,0.307295586,0.08747483,0.174312728,0.663983463
african-wildlife,yolo11n,side_7,labels_side_7,multiclass,explicit,1,1052,1052,32,640,0.2901005,0.090135296,0.257942856,0.529080024
african-wildlife,detr,side_7,labels_side_7,multiclass,explicit,1,1052,1052,4,640,0.134742955,0.07280816,0.377454151,0.150619195
african-wildlife,yolov8n,side_7,labels_side_7,object_only,explicit,1,1052,1052,32,640,0.273252295,0.085714254,0.061491449,0.918205805
african-wildlife,yolo11n,side_7,labels_side_7,object_only,explicit,1,1052,1052,32,640,0.286696122,0.082413092,0.04225713,0.920844327
african-wildlife,detr,side_7,labels_side_7,object_only,explicit,1,1052,1052,4,640,0.238599403,0.112254494,0.375359903,0.179419525
african-wildlife,yolov8n,side_9,labels_side_9,multiclass,explicit,1,1052,1052,32,640,0.155076112,0.040444491,0.054260892,0.792436739
african-wildlife,yolo11n,side_9,labels_side_9,multiclass,explicit,1,1052,1052,32,640,0.112536137,0.027316995,0.148219487,0.179230886
african-wildlife,detr,side_9,labels_side_9,multiclass,explicit,1,1052,1052,4,640,0.06853306,0.018793065,0.099893523,0.185787655
african-wildlife,yolov8n,side_9,labels_side_9,object_only,explicit,1,1052,1052,32,640,0.124999093,0.031766577,0.032594247,0.878627968
african-wildlife,yolo11n,side_9,labels_side_9,object_only,explicit,1,1052,1052,32,640,0.093733976,0.022709775,0.00822947,0.949868074
african-wildlife,detr,side_9,labels_side_9,object_only,explicit,1,1052,1052,4,640,0.078351293,0.023802965,0.076675366,0.406332454
construction-ppe,yolov8n,side_1,labels_side_1,multiclass,explicit,1,1132,1132,32,640,0.519415261,0.246405708,0.721790295,0.467945928
construction-ppe,yolo11n,side_1,labels_side_1,multiclass,explicit,1,1132,1132,32,640,0.507263778,0.2455564,0.758550465,0.44116367
construction-ppe,detr,side_1,labels_side_1,multiclass,explicit,1,1132,1132,4,640,0.593181762,0.288702559,0.685403845,0.558428072
construction-ppe,yolov8n,side_1,labels_side_1,object_only,explicit,1,1132,1132,32,640,0.708775502,0.357016635,0.821682918,0.610068259
construction-ppe,yolo11n,side_1,labels_side_1,object_only,explicit,1,1132,1132,32,640,0.705603699,0.353571393,0.821378077,0.607508532
construction-ppe,detr,side_1,labels_side_1,object_only,explicit,1,1132,1132,4,640,0.73469079,0.377683645,0.805906467,0.651874195
construction-ppe,yolov8n,side_3,labels_side_3,multiclass,explicit,1,1132,1132,32,640,0.290318895,0.113108492,0.515224168,0.337388571
construction-ppe,yolo11n,side_3,labels_side_3,multiclass,explicit,1,1132,1132,32,640,0.312226715,0.119019318,0.46132612,0.349624372
construction-ppe,detr,side_3,labels_side_3,multiclass,explicit,1,1132,1132,4,640,0.522078883,0.209015616,0.581951604,0.509537041
construction-ppe,yolov8n,side_3,labels_side_3,object_only,explicit,1,1132,1132,32,640,0.271988073,0.102285802,0.30282848,0.457337884
construction-ppe,yolo11n,side_3,labels_side_3,object_only,explicit,1,1132,1132,32,640,0.286504984,0.105998578,0.272993577,0.528156997
construction-ppe,detr,side_3,labels_side_3,object_only,explicit,1,1132,1132,4,640,0.517160024,0.225425673,0.632743759,0.436860068
construction-ppe,yolov8n,side_5,labels_side_5,multiclass,explicit,1,1132,1132,32,640,0.15538601,0.035321973,0.263642018,0.254595139
construction-ppe,yolo11n,side_5,labels_side_5,multiclass,explicit,1,1132,1132,32,640,0.161602855,0.037700798,0.358731992,0.287257115
construction-ppe,detr,side_5,labels_side_5,multiclass,explicit,1,1132,1132,4,640,0.181125411,0.076443236,0.56200447,0.205095288
construction-ppe,yolov8n,side_5,labels_side_5,object_only,explicit,1,1132,1132,32,640,0.129966035,0.03334151,0.096053637,0.541808874
construction-ppe,yolo11n,side_5,labels_side_5,object_only,explicit,1,1132,1132,32,640,0.103686695,0.027484655,0.089960945,0.526450512
construction-ppe,detr,side_5,labels_side_5,object_only,explicit,1,1132,1132,4,640,0.184588946,0.0629938,0.248445105,0.236348123
construction-ppe,yolov8n,side_7,labels_side_7,multiclass,explicit,1,1132,1132,32,640,0.142403462,0.035992379,0.257053858,0.270926516
construction-ppe,yolo11n,side_7,labels_side_7,multiclass,explicit,1,1132,1132,32,640,0.136896094,0.033205851,0.125433158,0.268745306
construction-ppe,detr,side_7,labels_side_7,multiclass,explicit,1,1132,1132,4,640,0.194188217,0.059450767,0.389936655,0.33780898
construction-ppe,yolov8n,side_7,labels_side_7,object_only,explicit,1,1132,1132,32,640,0.097926002,0.025076394,0.080541445,0.581911263
construction-ppe,yolo11n,side_7,labels_side_7,object_only,explicit,1,1132,1132,32,640,0.102014068,0.026820231,0.054470352,0.648464164
construction-ppe,detr,side_7,labels_side_7,object_only,explicit,1,1132,1132,4,640,0.179376162,0.063932314,0.246373951,0.302047782
construction-ppe,yolov8n,side_9,labels_side_9,multiclass,explicit,1,1132,1132,32,640,0.049998506,0.015015536,0.041541067,0.377965595
construction-ppe,yolo11n,side_9,labels_side_9,multiclass,explicit,1,1132,1132,32,640,0.062938391,0.01537569,0.218042905,0.350052583
construction-ppe,detr,side_9,labels_side_9,multiclass,explicit,1,1132,1132,4,640,0.069522399,0.015544237,0.427486092,0.178638181
construction-ppe,yolov8n,side_9,labels_side_9,object_only,explicit,1,1132,1132,32,640,0.062114979,0.014359098,0.021999611,0.72440273
construction-ppe,yolo11n,side_9,labels_side_9,object_only,explicit,1,1132,1132,32,640,0.067916453,0.014954085,0.0463523,0.500853242
construction-ppe,detr,side_9,labels_side_9,object_only,explicit,1,1132,1132,4,640,0.079871243,0.019927091,0.095643022,0.291808874
Custom_Blood,yolov8n,side_1,labels_side_1,multiclass,explicit,1,1105,1105,32,640,0.220230058,0.141066751,0.632083355,0.271146907
Custom_Blood,yolo11n,side_1,labels_side_1,multiclass,explicit,1,1105,1105,32,640,0.198065074,0.127978225,0.721482691,0.247435403
Custom_Blood,detr,side_1,labels_side_1,multiclass,explicit,1,1105,1105,4,640,0.313675956,0.202225825,0.536555995,0.330416909
Custom_Blood,yolov8n,side_1,labels_side_1,object_only,explicit,1,1105,1105,32,640,0.902372955,0.598745971,0.89801794,0.843072051
Custom_Blood,yolo11n,side_1,labels_side_1,object_only,explicit,1,1105,1105,32,640,0.895344409,0.586628084,0.884281804,0.838588528
Custom_Blood,detr,side_1,labels_side_1,object_only,explicit,1,1105,1105,4,640,0.949793255,0.668326882,0.923902166,0.935391924
Custom_Blood,yolov8n,side_3,labels_side_3,multiclass,explicit,1,1105,1105,32,640,0.125236082,0.057323026,0.559310899,0.189353043
Custom_Blood,yolo11n,side_3,labels_side_3,multiclass,explicit,1,1105,1105,32,640,0.116331526,0.053472322,0.551593493,0.180354862
Custom_Blood,detr,side_3,labels_side_3,multiclass,explicit,1,1105,1105,4,640,0.296441605,0.180941131,0.323516907,0.31934372
Custom_Blood,yolov8n,side_3,labels_side_3,object_only,explicit,1,1105,1105,32,640,0.552905633,0.255183766,0.510528852,0.60384577
Custom_Blood,yolo11n,side_3,labels_side_3,object_only,explicit,1,1105,1105,32,640,0.604712779,0.270421999,0.551956874,0.645922407
Custom_Blood,detr,side_3,labels_side_3,object_only,explicit,1,1105,1105,4,640,0.940373508,0.640344245,0.913435065,0.931591449
Custom_Blood,yolov8n,side_5,labels_side_5,multiclass,explicit,1,1105,1105,32,640,0.067392025,0.015813312,0.202544597,0.120062294
Custom_Blood,yolo11n,side_5,labels_side_5,multiclass,explicit,1,1105,1105,32,640,0.056006132,0.013478723,0.52771677,0.098975453
Custom_Blood,detr,side_5,labels_side_5,multiclass,explicit,1,1105,1105,4,640,0.121084936,0.037409454,0.530798512,0.184040464
Custom_Blood,yolov8n,side_5,labels_side_5,object_only,explicit,1,1105,1105,32,640,0.311276472,0.081798809,0.189980093,0.648931116
Custom_Blood,yolo11n,side_5,labels_side_5,object_only,explicit,1,1105,1105,32,640,0.346601834,0.083138422,0.320900867,0.505779889
Custom_Blood,detr,side_5,labels_side_5,object_only,explicit,1,1105,1105,4,640,0.706738098,0.312339981,0.538521298,0.820110847
Custom_Blood,yolov8n,side_7,labels_side_7,multiclass,explicit,1,1105,1105,32,640,0.06409777,0.013717936,0.277327565,0.130170784
Custom_Blood,yolo11n,side_7,labels_side_7,multiclass,explicit,1,1105,1105,32,640,0.048325657,0.010896797,0.039619077,0.13162674
Custom_Blood,detr,side_7,labels_side_7,multiclass,explicit,1,1105,1105,4,640,0.137548107,0.034908623,0.249490147,0.223878586
Custom_Blood,yolov8n,side_7,labels_side_7,object_only,explicit,1,1105,1105,32,640,0.310188008,0.066458325,0.298892232,0.52050673
Custom_Blood,yolo11n,side_7,labels_side_7,object_only,explicit,1,1105,1105,32,640,0.297471977,0.063755213,0.2759376,0.508313539
Custom_Blood,detr,side_7,labels_side_7,object_only,explicit,1,1105,1105,4,640,0.648804328,0.212316265,0.435070185,0.780997625
Custom_Blood,yolov8n,side_9,labels_side_9,multiclass,explicit,1,1105,1105,32,640,0.019477566,0.006243822,0.021059761,0.089653864
Custom_Blood,yolo11n,side_9,labels_side_9,multiclass,explicit,1,1105,1105,32,640,0.014053363,0.003628901,0.013333485,0.077409287
Custom_Blood,detr,side_9,labels_side_9,multiclass,explicit,1,1105,1105,4,640,0.030308252,0.008713694,0.257839653,0.061546415
Custom_Blood,yolov8n,side_9,labels_side_9,object_only,explicit,1,1105,1105,32,640,0.069430517,0.016803046,0.071912568,0.416785432
Custom_Blood,yolo11n,side_9,labels_side_9,object_only,explicit,1,1105,1105,32,640,0.057514221,0.010868808,0.187144221,0.111322249
Custom_Blood,detr,side_9,labels_side_9,object_only,explicit,1,1105,1105,4,640,0.304456475,0.074262126,0.248032836,0.537133808
brain-tumor,yolov8n,side_1,labels_side_1,multiclass,explicit,1,893,893,32,640,0.489316527,0.328146032,0.458736982,0.837886252
brain-tumor,yolo11n,side_1,labels_side_1,multiclass,explicit,1,893,893,32,640,0.480363361,0.324888897,0.460535666,0.80015674
brain-tumor,detr,side_1,labels_side_1,multiclass,explicit,1,893,893,4,640,0.354718524,0.245828862,0.293411348,0.604231975
brain-tumor,yolov8n,side_1,labels_side_1,object_only,explicit,1,893,893,32,640,0.931613724,0.633207718,0.875308084,0.844706509
brain-tumor,yolo11n,side_1,labels_side_1,object_only,explicit,1,893,893,32,640,0.930336068,0.634667715,0.87915935,0.845273841
brain-tumor,detr,side_1,labels_side_1,object_only,explicit,1,893,893,4,640,0.945174009,0.687436777,0.922004079,0.882913025
brain-tumor,yolov8n,side_3,labels_side_3,multiclass,explicit,1,893,893,32,640,0.317911794,0.136235294,0.163441668,0.827884759
brain-tumor,yolo11n,side_3,labels_side_3,multiclass,explicit,1,893,893,32,640,0.273114777,0.110402454,0.20540555,0.739961188
brain-tumor,detr,side_3,labels_side_3,multiclass,explicit,1,893,893,4,640,0.327536866,0.174176637,0.310394743,0.708986416
brain-tumor,yolov8n,side_3,labels_side_3,object_only,explicit,1,893,893,32,640,0.492360278,0.222695722,0.237057908,0.834024896
brain-tumor,yolo11n,side_3,labels_side_3,object_only,explicit,1,893,893,32,640,0.586237412,0.204641709,0.484273748,0.627309532
brain-tumor,detr,side_3,labels_side_3,object_only,explicit,1,893,893,4,640,0.900192909,0.613020216,0.841571278,0.859618473
brain-tumor,yolov8n,side_5,labels_side_5,multiclass,explicit,1,893,893,32,640,0.180883914,0.045936464,0.071165278,0.103744073
brain-tumor,yolo11n,side_5,labels_side_5,multiclass,explicit,1,893,893,32,640,0.197252438,0.036239155,0.019984248,0.959284968
brain-tumor,detr,side_5,labels_side_5,multiclass,explicit,1,893,893,4,640,0.254693935,0.109352807,0.438252927,0.387580758
brain-tumor,yolov8n,side_5,labels_side_5,object_only,explicit,1,893,893,32,640,0.240914947,0.052530244,0.208730242,0.659751037
brain-tumor,yolo11n,side_5,labels_side_5,object_only,explicit,1,893,893,32,640,0.273953699,0.060518391,0.260573794,0.564315353
brain-tumor,detr,side_5,labels_side_5,object_only,explicit,1,893,893,4,640,0.570692553,0.210051039,0.39413736,0.651452282
brain-tumor,yolov8n,side_7,labels_side_7,multiclass,explicit,1,893,893,32,640,0.099026137,0.026532852,0.141172037,0.135169428
brain-tumor,yolo11n,side_7,labels_side_7,multiclass,explicit,1,893,893,32,640,0.14085898,0.026107419,0.018878056,0.965778474
brain-tumor,detr,side_7,labels_side_7,multiclass,explicit,1,893,893,4,640,0.162896755,0.067392167,0.637329086,0.282467532
brain-tumor,yolov8n,side_7,labels_side_7,object_only,explicit,1,893,893,32,640,0.185319139,0.048119254,0.279849282,0.174273859
brain-tumor,yolo11n,side_7,labels_side_7,object_only,explicit,1,893,893,32,640,0.196081463,0.041321901,0.166247701,0.493115331
brain-tumor,detr,side_7,labels_side_7,object_only,explicit,1,893,893,4,640,0.580947191,0.2530466,0.544628775,0.622406639
brain-tumor,yolov8n,side_9,labels_side_9,multiclass,explicit,1,893,893,32,640,0.040363875,0.006665554,0.003483358,0.936296462
brain-tumor,yolo11n,side_9,labels_side_9,multiclass,explicit,1,893,893,32,640,0.036668624,0.00831815,0.00351986,0.934803702
brain-tumor,detr,side_9,labels_side_9,multiclass,explicit,1,893,893,4,640,0.097479745,0.016173903,0.05459892,0.385132109
brain-tumor,yolov8n,side_9,labels_side_9,object_only,explicit,1,893,893,32,640,0.062649709,0.010063752,0.018902856,0.734439834
brain-tumor,yolo11n,side_9,labels_side_9,object_only,explicit,1,893,893,32,640,0.077680214,0.014772588,0.031389889,0.738589212
brain-tumor,detr,side_9,labels_side_9,object_only,explicit,1,893,893,4,640,0.277313701,0.0629614,0.086582694,0.730290456
BCCD,yolov8n,side_1,labels_side_1,multiclass,explicit,1,310,310,32,640,0.902949206,0.56065892,0.862651771,0.655861579
BCCD,yolo11n,side_1,labels_side_1,multiclass,explicit,1,310,310,32,640,0.901779775,0.58131241,0.920145691,0.605427913
BCCD,detr,side_1,labels_side_1,multiclass,explicit,1,310,310,4,640,0.912701466,0.63931915,0.824322415,0.907670403
BCCD,yolov8n,side_1,labels_side_1,object_only,explicit,1,310,310,32,640,0.882377261,0.573171905,0.806625626,0.836734694
BCCD,yolo11n,side_1,labels_side_1,object_only,explicit,1,310,310,32,640,0.875693398,0.588802359,0.821562149,0.795918367
BCCD,detr,side_1,labels_side_1,object_only,explicit,1,310,310,4,640,0.866080918,0.623535554,0.769066601,0.815572548
BCCD,yolov8n,side_3,labels_side_3,multiclass,explicit,1,310,310,32,640,0.575380619,0.268869457,0.648231509,0.533648694
BCCD,yolo11n,side_3,labels_side_3,multiclass,explicit,1,310,310,32,640,0.611886317,0.236301375,0.717402495,0.389334567
BCCD,detr,side_3,labels_side_3,multiclass,explicit,1,310,310,4,640,0.855104887,0.524271807,0.705532407,0.914278413
BCCD,yolov8n,side_3,labels_side_3,object_only,explicit,1,310,310,32,640,0.546789882,0.230446654,0.043333333,0.955102041
BCCD,yolo11n,side_3,labels_side_3,object_only,explicit,1,310,310,32,640,0.593484307,0.21326808,0.042222222,0.930612245
BCCD,detr,side_3,labels_side_3,object_only,explicit,1,310,310,4,640,0.838046023,0.557578476,0.731101937,0.799018543
BCCD,yolov8n,side_5,labels_side_5,multiclass,explicit,1,310,310,32,640,0.273122099,0.087924449,0.087963707,0.650261809
BCCD,yolo11n,side_5,labels_side_5,multiclass,explicit,1,310,310,32,640,0.28720358,0.087735314,0.029262032,0.642814329
BCCD,detr,side_5,labels_side_5,multiclass,explicit,1,310,310,4,640,0.621810391,0.318414827,0.577883296,0.486424981
BCCD,yolov8n,side_5,labels_side_5,object_only,explicit,1,310,310,32,640,0.288492625,0.049552901,0.051754787,0.956462585
BCCD,yolo11n,side_5,labels_side_5,object_only,explicit,1,310,310,32,640,0.29078606,0.0638288,0.041728395,0.919727891
BCCD,detr,side_5,labels_side_5,object_only,explicit,1,310,310,4,640,0.629582805,0.381731131,0.603168543,0.608163265
BCCD,yolov8n,side_7,labels_side_7,multiclass,explicit,1,310,310,32,640,0.286213272,0.079234932,0.154020898,0.722147177
BCCD,yolo11n,side_7,labels_side_7,multiclass,explicit,1,310,310,32,640,0.26978823,0.054112814,0.026824353,0.647828362
BCCD,detr,side_7,labels_side_7,multiclass,explicit,1,310,310,4,640,0.439345507,0.207194493,0.223632679,0.461514344
BCCD,yolov8n,side_7,labels_side_7,object_only,explicit,1,310,310,32,640,0.263506504,0.058147732,0.040925926,0.902040816
BCCD,yolo11n,side_7,labels_side_7,object_only,explicit,1,310,310,32,640,0.2601194,0.057234404,0.040308642,0.888435374
BCCD,detr,side_7,labels_side_7,object_only,explicit,1,310,310,4,640,0.753749206,0.452151716,0.644870329,0.733333333
BCCD,yolov8n,side_9,labels_side_9,multiclass,explicit,1,310,310,32,640,0.112129364,0.042379068,0.029045628,0.434860378
BCCD,yolo11n,side_9,labels_side_9,multiclass,explicit,1,310,310,32,640,0.144250949,0.046864896,0.027608351,0.558441558
BCCD,detr,side_9,labels_side_9,multiclass,explicit,1,310,310,4,640,0.305903991,0.101796407,0.278869408,0.612812658
BCCD,yolov8n,side_9,labels_side_9,object_only,explicit,1,310,310,32,640,0.045834578,0.01937159,0.035185185,0.775510204
BCCD,yolo11n,side_9,labels_side_9,object_only,explicit,1,310,310,32,640,0.03201302,0.012972891,0.032962963,0.726530612
BCCD,detr,side_9,labels_side_9,object_only,explicit,1,310,310,4,640,0.324527612,0.141471383,0.309839475,0.457142857
signature,yolov8n,side_1,labels_side_1,multiclass,explicit,1,143,143,32,640,0.945475714,0.75470924,0.003333333,1
signature,yolo11n,side_1,labels_side_1,multiclass,explicit,1,143,143,32,640,0.978861538,0.788242371,0.995851283,0.942857143
signature,detr,side_1,labels_side_1,multiclass,explicit,1,143,143,4,640,0.995,0.917048874,0.997411767,1
signature,yolov8n,side_1,labels_side_1,object_only,explicit,1,143,143,32,640,0.945475714,0.75470924,0.003333333,1
signature,yolo11n,side_1,labels_side_1,object_only,explicit,1,143,143,32,640,0.978861538,0.788242371,0.995851283,0.942857143
signature,detr,side_1,labels_side_1,object_only,explicit,1,143,143,4,640,0.988207547,0.922893018,1,0.959577551
signature,yolov8n,side_3,labels_side_3,multiclass,explicit,1,143,143,32,640,0.905838421,0.513231371,0.003238095,0.971428571
signature,yolo11n,side_3,labels_side_3,multiclass,explicit,1,143,143,32,640,0.684333052,0.38981224,0.003142857,0.942857143
signature,detr,side_3,labels_side_3,multiclass,explicit,1,143,143,4,640,0.991282051,0.703102275,0.954388653,0.942857143
signature,yolov8n,side_3,labels_side_3,object_only,explicit,1,143,143,32,640,0.905838421,0.513231371,0.003238095,0.971428571
signature,yolo11n,side_3,labels_side_3,object_only,explicit,1,143,143,32,640,0.684333052,0.38981224,0.003142857,0.942857143
signature,detr,side_3,labels_side_3,object_only,explicit,1,143,143,4,640,0.995,0.709330797,0.997380568,1
signature,yolov8n,side_5,labels_side_5,multiclass,explicit,1,143,143,32,640,0.290236545,0.12147054,0.003047619,0.914285714
signature,yolo11n,side_5,labels_side_5,multiclass,explicit,1,143,143,32,640,0.487922071,0.183586835,0.003142857,0.942857143
signature,detr,side_5,labels_side_5,multiclass,explicit,1,143,143,4,640,0.695596158,0.479414684,0.463867213,0.685714286
signature,yolov8n,side_5,labels_side_5,object_only,explicit,1,143,143,32,640,0.290236545,0.12147054,0.003047619,0.914285714
signature,yolo11n,side_5,labels_side_5,object_only,explicit,1,143,143,32,640,0.487922071,0.183586835,0.003142857,0.942857143
signature,detr,side_5,labels_side_5,object_only,explicit,1,143,143,4,640,0.478929975,0.363521238,0.072623744,0.771428571
signature,yolov8n,side_7,labels_side_7,multiclass,explicit,1,143,143,32,640,0.384765543,0.149571777,0.003238095,0.971428571
signature,yolo11n,side_7,labels_side_7,multiclass,explicit,1,143,143,32,640,0.534407871,0.128338307,0.002952381,0.885714286
signature,detr,side_7,labels_side_7,multiclass,explicit,1,143,143,4,640,0.15262498,0.088348503,0.003142857,0.942857143
signature,yolov8n,side_7,labels_side_7,object_only,explicit,1,143,143,32,640,0.384765543,0.149571777,0.003238095,0.971428571
signature,yolo11n,side_7,labels_side_7,object_only,explicit,1,143,143,32,640,0.534407871,0.128338307,0.002952381,0.885714286
signature,detr,side_7,labels_side_7,object_only,explicit,1,143,143,4,640,0.543406715,0.306892989,0.056544073,0.828571429
signature,yolov8n,side_9,labels_side_9,multiclass,explicit,1,143,143,32,640,0.096265575,0.023894126,0.002761905,0.828571429
signature,yolo11n,side_9,labels_side_9,multiclass,explicit,1,143,143,32,640,0.274795519,0.058499494,0.00247619,0.742857143
signature,detr,side_9,labels_side_9,multiclass,explicit,1,143,143,4,640,0.257196494,0.093029605,0.003142857,0.942857143
signature,yolov8n,side_9,labels_side_9,object_only,explicit,1,143,143,32,640,0.096265575,0.023894126,0.002761905,0.828571429
signature,yolo11n,side_9,labels_side_9,object_only,explicit,1,143,143,32,640,0.274795519,0.058499494,0.00247619,0.742857143
signature,detr,side_9,labels_side_9,object_only,explicit,1,143,143,4,640,0.439383488,0.095755338,0.028318151,0.828571429
medical-pills,yolov8n,side_1,labels_side_1,multiclass,explicit,1,92,92,32,640,0.930849211,0.611868272,0.98965651,0.719392564
medical-pills,yolo11n,side_1,labels_side_1,multiclass,explicit,1,92,92,32,640,0.917736393,0.568877573,0.057536232,0.994987469
medical-pills,detr,side_1,labels_side_1,multiclass,explicit,1,92,92,4,640,0.984828212,0.757889951,0.941639884,0.994987469
medical-pills,yolov8n,side_1,labels_side_1,object_only,explicit,1,92,92,32,640,0.930849211,0.611868272,0.98965651,0.719392564
medical-pills,yolo11n,side_1,labels_side_1,object_only,explicit,1,92,92,32,640,0.917736393,0.568877573,0.057536232,0.994987469
medical-pills,detr,side_1,labels_side_1,object_only,explicit,1,92,92,4,640,0.98782375,0.779183261,0.968983695,0.987468672
medical-pills,yolov8n,side_3,labels_side_3,multiclass,explicit,1,92,92,32,640,0.8373598,0.43137179,0.057391304,0.992481203
medical-pills,yolo11n,side_3,labels_side_3,multiclass,explicit,1,92,92,32,640,0.712463676,0.329784556,0.057391304,0.992481203
medical-pills,detr,side_3,labels_side_3,multiclass,explicit,1,92,92,4,640,0.990465356,0.743406668,0.939607527,0.984962406
medical-pills,yolov8n,side_3,labels_side_3,object_only,explicit,1,92,92,32,640,0.8373598,0.43137179,0.057391304,0.992481203
medical-pills,yolo11n,side_3,labels_side_3,object_only,explicit,1,92,92,32,640,0.712463676,0.329784556,0.057391304,0.992481203
medical-pills,detr,side_3,labels_side_3,object_only,explicit,1,92,92,4,640,0.970829848,0.736996107,0.895599878,0.967503901
medical-pills,yolov8n,side_5,labels_side_5,multiclass,explicit,1,92,92,32,640,0.345002685,0.101101889,0.056086957,0.969924812
medical-pills,yolo11n,side_5,labels_side_5,multiclass,explicit,1,92,92,32,640,0.511711855,0.164807267,0.056956522,0.984962406
medical-pills,detr,side_5,labels_side_5,multiclass,explicit,1,92,92,4,640,0.745709485,0.359651784,0.536062408,0.899749373
medical-pills,yolov8n,side_5,labels_side_5,object_only,explicit,1,92,92,32,640,0.345002685,0.101101889,0.056086957,0.969924812
medical-pills,yolo11n,side_5,labels_side_5,object_only,explicit,1,92,92,32,640,0.511711855,0.164807267,0.056956522,0.984962406
medical-pills,detr,side_5,labels_side_5,object_only,explicit,1,92,92,4,640,0.943063459,0.496920602,0.852468337,0.919799499
medical-pills,yolov8n,side_7,labels_side_7,multiclass,explicit,1,92,92,32,640,0.583277107,0.232750127,0.055797101,0.964912281
medical-pills,yolo11n,side_7,labels_side_7,multiclass,explicit,1,92,92,32,640,0.355052436,0.091616579,0.056956522,0.984962406
medical-pills,detr,side_7,labels_side_7,multiclass,explicit,1,92,92,4,640,0.932248524,0.548944285,0.857341303,0.888659392
medical-pills,yolov8n,side_7,labels_side_7,object_only,explicit,1,92,92,32,640,0.583277107,0.232750127,0.055797101,0.964912281
medical-pills,yolo11n,side_7,labels_side_7,object_only,explicit,1,92,92,32,640,0.355052436,0.091616579,0.056956522,0.984962406
medical-pills,detr,side_7,labels_side_7,object_only,explicit,1,92,92,4,640,0.889259955,0.472423121,0.642876638,0.944862155
medical-pills,yolov8n,side_9,labels_side_9,multiclass,explicit,1,92,92,32,640,0.175803075,0.041905685,0.053188406,0.919799499
medical-pills,yolo11n,side_9,labels_side_9,multiclass,explicit,1,92,92,32,640,0.240871498,0.059127708,0.054347826,0.939849624
medical-pills,detr,side_9,labels_side_9,multiclass,explicit,1,92,92,4,640,0.781301313,0.202176477,0.513771027,0.837092732
medical-pills,yolov8n,side_9,labels_side_9,object_only,explicit,1,92,92,32,640,0.175803075,0.041905685,0.053188406,0.919799499
medical-pills,yolo11n,side_9,labels_side_9,object_only,explicit,1,92,92,32,640,0.240871498,0.059127708,0.054347826,0.939849624
medical-pills,detr,side_9,labels_side_9,object_only,explicit,1,92,92,4,640,0.746533625,0.322446159,0.528328171,0.834586466
VOC,yolov8n,side_1,labels_side_1,multiclass,explicit,1,5717,5717,32,640,0.733024591,0.489029511,0.775311385,0.658580426
VOC,yolo11n,side_1,labels_side_1,multiclass,explicit,1,5717,5717,32,640,0.739221334,0.498565539,0.780635567,0.667162565
VOC,detr,side_1,labels_side_1,multiclass,explicit,1,5717,5717,4,640,0.79562944,0.597121902,0.813826603,0.768045629
VOC,yolov8n,side_1,labels_side_1,object_only,explicit,1,5717,5717,32,640,0.676125506,0.397821926,0.752809099,0.576702629
VOC,yolo11n,side_1,labels_side_1,object_only,explicit,1,5717,5717,32,640,0.648003272,0.372372654,0.726832719,0.549415042
VOC,detr,side_1,labels_side_1,object_only,explicit,1,5717,5717,4,640,0.139012307,0.072403206,0.159386736,0.380608338
VOC,yolov8n,side_3,labels_side_3,multiclass,explicit,1,5717,5717,32,640,0.435891363,0.22082251,0.477848909,0.45820387
VOC,yolo11n,side_3,labels_side_3,multiclass,explicit,1,5717,5717,32,640,0.435052547,0.204433942,0.43998603,0.537763155
VOC,detr,side_3,labels_side_3,multiclass,explicit,1,5717,5717,4,640,0.46585188,0.300414951,0.569043012,0.446684439
VOC,yolov8n,side_3,labels_side_3,object_only,explicit,1,5717,5717,32,640,0.346929539,0.16063377,0.407026563,0.393251933
VOC,yolo11n,side_3,labels_side_3,object_only,explicit,1,5717,5717,32,640,0.307435525,0.135974572,0.371780822,0.398164872
VOC,detr,side_3,labels_side_3,object_only,explicit,1,5717,5717,4,640,0.061924728,0.020012542,0.041405513,0.355826891
VOC,yolov8n,side_5,labels_side_5,multiclass,explicit,1,5717,5717,32,640,0.200264904,0.072044965,0.337148186,0.320798275
VOC,yolo11n,side_5,labels_side_5,multiclass,explicit,1,5717,5717,32,640,0.211055536,0.0638703,0.237482008,0.393057503
VOC,detr,side_5,labels_side_5,multiclass,explicit,1,5717,5717,4,640,0.255451791,0.071001618,0.259898558,0.442693313
VOC,yolov8n,side_5,labels_side_5,object_only,explicit,1,5717,5717,32,640,0.143077867,0.051942534,0.200596805,0.239939311
VOC,yolo11n,side_5,labels_side_5,object_only,explicit,1,5717,5717,32,640,0.169855535,0.06538284,0.270049126,0.24246803
VOC,detr,side_5,labels_side_5,object_only,explicit,1,5717,5717,4,640,0.053391515,0.018065728,0.028484472,0.427425764
VOC,yolov8n,side_7,labels_side_7,multiclass,explicit,1,5717,5717,32,640,0.231108323,0.060661425,0.266760424,0.335422664
VOC,yolo11n,side_7,labels_side_7,multiclass,explicit,1,5717,5717,32,640,0.218568635,0.055658092,0.241188369,0.37310664
VOC,detr,side_7,labels_side_7,multiclass,explicit,1,5717,5717,4,640,0.266077771,0.071269166,0.269152624,0.43110504
VOC,yolov8n,side_7,labels_side_7,object_only,explicit,1,5717,5717,32,640,0.158370731,0.052982492,0.266416934,0.205345365
VOC,yolo11n,side_7,labels_side_7,object_only,explicit,1,5717,5717,32,640,0.164605941,0.056794143,0.175887823,0.317968355
VOC,detr,side_7,labels_side_7,object_only,explicit,1,5717,5717,4,640,0.045973097,0.015478367,0.021483483,0.44404306
VOC,yolov8n,side_9,labels_side_9,multiclass,explicit,1,5717,5717,32,640,0.127381881,0.027528155,0.181758367,0.200995454
VOC,yolo11n,side_9,labels_side_9,multiclass,explicit,1,5717,5717,32,640,0.115779212,0.028473645,0.174283266,0.222784551
VOC,detr,side_9,labels_side_9,multiclass,explicit,1,5717,5717,4,640,0.146827351,0.031927618,0.187646738,0.275044603
VOC,yolov8n,side_9,labels_side_9,object_only,explicit,1,5717,5717,32,640,0.117803926,0.031890523,0.289432046,0.146737952
VOC,yolo11n,side_9,labels_side_9,object_only,explicit,1,5717,5717,32,640,0.122429286,0.039900018,0.23076363,0.181778773
VOC,detr,side_9,labels_side_9,object_only,explicit,1,5717,5717,4,640,0.036625215,0.00861597,0.026807034,0.406618019
